slug,school_name,year,unit,pct70
snu,서울대학교,2025,의예과,99.0
snu,서울대학교,2025,정치외교학부,98.25
snu,서울대학교,2025,치의학(치과의예),97.75
snu,서울대학교,2025,수리과학부,97.0
snu,서울대학교,2025,컴퓨터공학부,96.5
snu,서울대학교,2025,약학계열,96.5
snu,서울대학교,2025,전기·정보공학부,96.0
snu,서울대학교,2025,경영대학,95.5
snu,서울대학교,2025,경제학부,95.5
snu,서울대학교,2025,자유전공학부,95.0
snu,서울대학교,2025,인문계열 평균,96.6
snu,서울대학교,2025,자연계열 평균 (의·약 제외),96.2
snu,서울대학교,2025,농경제사회학부,98.5
snu,서울대학교,2025,인문계열,96.25
snu,서울대학교,2025,첨단융합학부,96.5
snu,서울대학교,2024,의예과,99.0
snu,서울대학교,2024,수리과학부,98.5
snu,서울대학교,2024,약학계열,98.5
snu,서울대학교,2024,화학부,98.25
snu,서울대학교,2024,건설환경공학부,98.25
snu,서울대학교,2024,농경제사회학부,98.5
snu,서울대학교,2024,경제학부 (일반),98.25
snu,서울대학교,2024,정치외교학부,97.5
snu,서울대학교,2024,사회교육과,98.0
snu,서울대학교,2024,경제학부 (지역균형),98.0
snu,서울대학교,2024,국사학과,96.75
snu,서울대학교,2024,경제학부,98.25
snu,서울대학교,2024,사회학과,97.75
snu,서울대학교,2024,심리학과,97.25
snu,서울대학교,2024,지리학과,97.5
snu,서울대학교,2024,사회복지학과,95.0
snu,서울대학교,2024,언론정보학과,94.75
snu,서울대학교,2024,통계학과,95.5
snu,서울대학교,2024,물리천문학부 (물리),95.25
snu,서울대학교,2024,물리천문학부 (천문),96.5
snu,서울대학교,2024,생명과학부,97.75
snu,서울대학교,2024,지구환경과학부,96.5
snu,서울대학교,2024,간호대학,95.75
snu,서울대학교,2024,경영대학,96.75
snu,서울대학교,2024,기계공학부,96.25
snu,서울대학교,2024,재료공학부,97.25
snu,서울대학교,2024,전기정보공학부,97.25
snu,서울대학교,2024,컴퓨터공학부,97.25
snu,서울대학교,2024,화학생물공학부,98.25
snu,서울대학교,2024,건축학과,91.75
snu,서울대학교,2024,산업공학과,96.0
snu,서울대학교,2024,인문계열 (지역균형),96.25
snu,서울대학교,2024,경제 (지역균형),98.0
snu,서울대학교,2024,의예 (지역균형),99.0
snu,서울대학교,2024,치의학부 (지역균형),97.25
snu,서울대학교,2024,화학과,98.25
snu,서울대학교,2024,항공우주공학과,94.75
snu,서울대학교,2024,바이오시스템·소재학부,98.25
snu,서울대학교,2024,국어교육과,96.75
snu,서울대학교,2024,수학교육과,96.25
snu,서울대학교,2024,의류학과,96.0
snu,서울대학교,2024,치의학과,98.25
snu,서울대학교,2023,의예과,99.25
snu,서울대학교,2023,인문계열,97.5
snu,서울대학교,2023,역사학부,92.25
snu,서울대학교,2023,정치외교학부,98.5
snu,서울대학교,2023,경제학부,97.25
snu,서울대학교,2023,사회학과,95.25
snu,서울대학교,2023,심리학과,96.5
snu,서울대학교,2023,지리학과,97.0
snu,서울대학교,2023,사회복지학과,96.25
snu,서울대학교,2023,언론정보학과,95.75
snu,서울대학교,2023,수리과학부,97.75
snu,서울대학교,2023,통계학과,97.0
snu,서울대학교,2023,물리학과,96.0
snu,서울대학교,2023,천문학과,93.0
snu,서울대학교,2023,화학과,96.0
snu,서울대학교,2023,생명과학부,94.0
snu,서울대학교,2023,지구환경과학부,92.5
snu,서울대학교,2023,건설환경공학부,88.0
snu,서울대학교,2023,기계공학부,91.75
snu,서울대학교,2023,재료공학부,94.0
snu,서울대학교,2023,전기정보공학부,96.0
snu,서울대학교,2023,컴퓨터공학부,95.75
snu,서울대학교,2023,화학생물공학부,95.5
snu,서울대학교,2023,치의학과,99.0
snu,서울대학교,2023,간호대학,94.0
snu,서울대학교,2023,수의예과,97.25
snu,서울대학교,2023,약학계열,95.75
snu,서울대학교,2022,정치외교학부,96.83
snu,서울대학교,2022,경제학부,97.33
snu,서울대학교,2022,언론정보학과,96.0
snu,서울대학교,2022,경영대학,97.33
snu,서울대학교,2022,국어교육과,94.67
snu,서울대학교,2022,수학교육과,93.83
snu,서울대학교,2022,인문계열,95.67
snu,서울대학교,2022,농경제사회학부,96.17
snu,서울대학교,2022,의예과,99.17
snu,서울대학교,2022,치의학과,97.0
snu,서울대학교,2022,약학계열,96.0
snu,서울대학교,2022,간호대학,94.5
snu,서울대학교,2022,생명과학부,95.33
snu,서울대학교,2022,기계공학부,96.17
snu,서울대학교,2022,전기정보공학부,97.33
snu,서울대학교,2022,컴퓨터공학부,97.5
snu,서울대학교,2022,바이오시스템·소재학부,95.33
snu,서울대학교,2021,인문계열,97.83
snu,서울대학교,2021,경제학부,98.5
snu,서울대학교,2021,심리학과,98.33
snu,서울대학교,2021,경영대학,98.5
snu,서울대학교,2021,국어교육과,96.83
snu,서울대학교,2021,수학교육과,96.17
snu,서울대학교,2021,정치외교학부,98.17
snu,서울대학교,2021,의예과,99.0
snu,서울대학교,2021,치의학과,98.83
snu,서울대학교,2021,간호대학,98.0
snu,서울대학교,2021,생명과학부,95.67
snu,서울대학교,2021,기계공학부,96.33
snu,서울대학교,2021,컴퓨터공학부,95.83
snu,서울대학교,2021,농경제사회학부,98.17
yonsei,연세대학교 (서울),2025,의예과,99.25
yonsei,연세대학교 (서울),2025,치의예과,97.75
yonsei,연세대학교 (서울),2025,약학과,96.25
yonsei,연세대학교 (서울),2025,시스템반도체공학과,95.5
yonsei,연세대학교 (서울),2025,디스플레이융합공학과,95.0
yonsei,연세대학교 (서울),2025,전기전자공학부,94.5
yonsei,연세대학교 (서울),2025,정치외교학과,94.25
yonsei,연세대학교 (서울),2025,화학과,94.0
yonsei,연세대학교 (서울),2025,화공생명공학부,94.0
yonsei,연세대학교 (서울),2025,산업공학과,94.0
yonsei,연세대학교 (서울),2025,생명공학과,94.0
yonsei,연세대학교 (서울),2025,첨단컴퓨팅학부,94.0
yonsei,연세대학교 (서울),2025,경영학과,93.75
yonsei,연세대학교 (서울),2025,지구시스템과학과,93.75
yonsei,연세대학교 (서울),2025,천문우주학과,93.75
yonsei,연세대학교 (서울),2025,기계공학부,93.75
yonsei,연세대학교 (서울),2025,신소재공학부,93.75
yonsei,연세대학교 (서울),2025,IT융합공학부,93.75
yonsei,연세대학교 (서울),2025,지능형반도체공학과,93.75
yonsei,연세대학교 (서울),2025,사학과,93.5
yonsei,연세대학교 (서울),2025,물리학과,93.5
yonsei,연세대학교 (서울),2025,대기과학과,93.5
yonsei,연세대학교 (서울),2025,건축공학과,93.5
yonsei,연세대학교 (서울),2025,영어영문학과,93.25
yonsei,연세대학교 (서울),2025,독어독문학과,93.25
yonsei,연세대학교 (서울),2025,상경대학,93.25
yonsei,연세대학교 (서울),2025,응용통계학과,93.25
yonsei,연세대학교 (서울),2025,도시공학과,93.25
yonsei,연세대학교 (서울),2025,생명과학과,93.25
yonsei,연세대학교 (서울),2025,사회복지학과,93.25
yonsei,연세대학교 (서울),2025,불어불문학과,93.0
yonsei,연세대학교 (서울),2025,중어중문학과,92.75
yonsei,연세대학교 (서울),2025,행정학과,92.75
yonsei,연세대학교 (서울),2025,국어국문학과,92.5
yonsei,연세대학교 (서울),2025,사회환경시스템공학부,92.5
yonsei,연세대학교 (서울),2025,언론홍보영상학부,92.5
yonsei,연세대학교 (서울),2025,교육학부,92.5
yonsei,연세대학교 (서울),2025,심리학과,92.25
yonsei,연세대학교 (서울),2025,수학과,92.25
yonsei,연세대학교 (서울),2025,노어노문학과,92.0
yonsei,연세대학교 (서울),2025,문헌정보학과,92.0
yonsei,연세대학교 (서울),2025,철학과,91.75
yonsei,연세대학교 (서울),2025,경제학부,91.75
yonsei,연세대학교 (서울),2025,신학과,91.5
yonsei,연세대학교 (서울),2025,사회학과,91.25
yonsei,연세대학교 (서울),2025,문화인류학과,91.0
yonsei,연세대학교 (서울),2025,언더우드학부 (인문사회),90.75
yonsei,연세대학교 (서울),2025,의류환경학과,90.25
yonsei,연세대학교 (서울),2025,식품영양학과,90.0
yonsei,연세대학교 (서울),2025,체육교육학과,90.0
yonsei,연세대학교 (서울),2025,아동가족학과,89.5
yonsei,연세대학교 (서울),2025,스포츠응용산업학과,89.25
yonsei,연세대학교 (서울),2025,융합인문사회과학부,89.25
yonsei,연세대학교 (서울),2025,통합디자인학과,88.5
yonsei,연세대학교 (서울),2025,융합과학공학부,88.5
yonsei,연세대학교 (서울),2025,실내건축학과,88.25
yonsei,연세대학교 (서울),2025,간호학과,88.25
yonsei,연세대학교 (서울),2024,의예과,99.0
yonsei,연세대학교 (서울),2024,치의예과,98.25
yonsei,연세대학교 (서울),2024,약학과,96.25
yonsei,연세대학교 (서울),2024,전기전자공학부,95.0
yonsei,연세대학교 (서울),2024,문화인류학과,94.25
yonsei,연세대학교 (서울),2024,언론홍보영상학부,93.3
yonsei,연세대학교 (서울),2024,문헌정보학과,92.75
yonsei,연세대학교 (서울),2024,정치외교학과,92.5
yonsei,연세대학교 (서울),2024,응용통계학과/언더우드학부,92.3
yonsei,연세대학교 (서울),2024,시스템반도체공학과,95.0
yonsei,연세대학교 (서울),2024,화학과,95.0
yonsei,연세대학교 (서울),2024,생명과학과,95.0
yonsei,연세대학교 (서울),2024,도시공학과,95.0
yonsei,연세대학교 (서울),2024,생화학과,95.0
yonsei,연세대학교 (서울),2024,생명공학과,95.0
yonsei,연세대학교 (서울),2024,인공지능학과,95.0
yonsei,연세대학교 (서울),2024,생체의공학과,94.75
yonsei,연세대학교 (서울),2024,식품영양학과 (자연),94.75
yonsei,연세대학교 (서울),2024,기계공학부,94.25
yonsei,연세대학교 (서울),2024,화공생명공학부,94.25
yonsei,연세대학교 (서울),2024,대기과학과,94.0
yonsei,연세대학교 (서울),2024,건축공학과,94.0
yonsei,연세대학교 (서울),2024,컴퓨터과학과,94.5
yonsei,연세대학교 (서울),2024,노어노문학과,89.5
yonsei,연세대학교 (서울),2024,국어국문학과,91.0
yonsei,연세대학교 (서울),2024,영어영문학과,91.75
yonsei,연세대학교 (서울),2024,사학과,91.25
yonsei,연세대학교 (서울),2024,경영학과,92.0
yonsei,연세대학교 (서울),2024,물리학과,93.75
yonsei,연세대학교 (서울),2024,천문우주학과,92.5
yonsei,연세대학교 (서울),2024,사회복지학과,91.5
yonsei,연세대학교 (서울),2024,교육학부,91.0
yonsei,연세대학교 (서울),2026,의예과,99.25
yonsei,연세대학교 (서울),2026,치의예과,97.75
yonsei,연세대학교 (서울),2026,약학과,96.25
yonsei,연세대학교 (서울),2026,시스템반도체공학과,95.5
yonsei,연세대학교 (서울),2026,디스플레이융합공학과,95.0
yonsei,연세대학교 (서울),2023,의예과,99.25
yonsei,연세대학교 (서울),2023,언더우드학부 (인문사회),86.0
yonsei,연세대학교 (서울),2022,국어국문학과,90.25
yonsei,연세대학교 (서울),2022,영어영문학과,89.5
yonsei,연세대학교 (서울),2022,사학과,89.75
yonsei,연세대학교 (서울),2022,경제학부,89.75
yonsei,연세대학교 (서울),2022,경영학과,90.0
yonsei,연세대학교 (서울),2022,수학과,93.5
yonsei,연세대학교 (서울),2022,화학과,92.75
yonsei,연세대학교 (서울),2022,천문우주학과,93.75
yonsei,연세대학교 (서울),2022,전기전자공학부,95.0
yonsei,연세대학교 (서울),2022,기계공학부,94.25
yonsei,연세대학교 (서울),2022,시스템반도체공학과,94.25
yonsei,연세대학교 (서울),2022,컴퓨터과학과,95.25
yonsei,연세대학교 (서울),2022,정치외교학과,90.0
yonsei,연세대학교 (서울),2022,사회복지학과,91.75
yonsei,연세대학교 (서울),2022,문화인류학과,92.5
yonsei,연세대학교 (서울),2022,의예과,99.25
yonsei,연세대학교 (서울),2022,치의예과,98.25
yonsei,연세대학교 (서울),2022,간호학과 (인문),88.0
yonsei,연세대학교 (서울),2022,약학과,95.5
yonsei,연세대학교 (서울),2021,경제학부,96.67
yonsei,연세대학교 (서울),2021,경영학과,95.67
yonsei,연세대학교 (서울),2021,독어독문학과,96.33
yonsei,연세대학교 (서울),2021,사학과,96.0
yonsei,연세대학교 (서울),2021,심리학과,97.33
yonsei,연세대학교 (서울),2021,정치외교학과,96.17
yonsei,연세대학교 (서울),2021,사회복지학과,96.83
yonsei,연세대학교 (서울),2021,의예과,99.5
yonsei,연세대학교 (서울),2021,치의예과,98.17
yonsei,연세대학교 (서울),2021,간호학과 (자연),93.83
yonsei,연세대학교 (서울),2021,화공생명공학부,95.17
yonsei,연세대학교 (서울),2021,전기전자공학부,95.67
yonsei,연세대학교 (서울),2021,컴퓨터과학과,95.33
yonsei,연세대학교 (서울),2021,글로벌융합공학부,95.33
yonsei,연세대학교 (서울),2021,식품영양학과,94.17
korea,고려대학교 (서울),2025,의과대학,99.0
korea,고려대학교 (서울),2025,학부대학 (자유전공),96.0
korea,고려대학교 (서울),2025,스마트모빌리티학부,95.75
korea,고려대학교 (서울),2025,차세대통신학과,95.67
korea,고려대학교 (서울),2025,전기전자공학부,95.33
korea,고려대학교 (서울),2025,반도체공학과,95.33
korea,고려대학교 (서울),2025,인공지능학과,95.15
korea,고려대학교 (서울),2025,통계학과,95.09
korea,고려대학교 (서울),2025,신소재공학부,95.0
korea,고려대학교 (서울),2025,자유전공학부,95.0
korea,고려대학교 (서울),2025,화학과,94.9
korea,고려대학교 (서울),2025,컴퓨터학과,94.9
korea,고려대학교 (서울),2025,바이오시스템의과학부,94.9
korea,고려대학교 (서울),2025,한국사학과,94.84
korea,고려대학교 (서울),2025,경영대학,94.83
korea,고려대학교 (서울),2025,화공생명공학과,94.83
korea,고려대학교 (서울),2025,융합에너지공학과,94.68
korea,고려대학교 (서울),2025,생명공학부,94.67
korea,고려대학교 (서울),2025,환경생태공학부,94.67
korea,고려대학교 (서울),2025,건축사회환경공학부,94.67
korea,고려대학교 (서울),2024,의과대학,99.0
korea,고려대학교 (서울),2024,스마트모빌리티학부,96.6
korea,고려대학교 (서울),2024,컴퓨터학과,96.2
korea,고려대학교 (서울),2024,화공생명공학과,96.0
korea,고려대학교 (서울),2024,자유전공학부 (자유전공),95.9
korea,고려대학교 (서울),2024,자유전공학부 (교과우수),95.7
korea,고려대학교 (서울),2024,통계학과,95.23
korea,고려대학교 (서울),2024,경영대학,95.0
korea,고려대학교 (서울),2024,행정학과,95.0
korea,고려대학교 (서울),2024,스마트보안학부,96.0
korea,고려대학교 (서울),2024,산업경영공학과,96.0
korea,고려대학교 (서울),2024,국어국문학과,93.78
korea,고려대학교 (서울),2024,사학과,94.43
korea,고려대학교 (서울),2024,불어불문학과,94.0
korea,고려대학교 (서울),2024,생명과학부,95.33
korea,고려대학교 (서울),2024,식품공학과,94.67
korea,고려대학교 (서울),2024,정치외교학과,94.45
korea,고려대학교 (서울),2024,경제학과,95.23
korea,고려대학교 (서울),2024,물리학과,95.53
korea,고려대학교 (서울),2024,신소재공학부,95.62
korea,고려대학교 (서울),2024,기계공학부,95.33
korea,고려대학교 (서울),2024,전기전자공학부,95.8
korea,고려대학교 (서울),2024,반도체공학과,94.17
korea,고려대학교 (서울),2024,교육학과,93.82
korea,고려대학교 (서울),2024,수학교육과,93.57
korea,고려대학교 (서울),2024,간호대학,94.5
korea,고려대학교 (서울),2024,자유전공학부,95.87
korea,고려대학교 (서울),2024,사이버국방학과,92.93
korea,고려대학교 (서울),2026,의과대학 (일반),99.0
korea,고려대학교 (서울),2026,의과대학 (교과우수),99.0
korea,고려대학교 (서울),2026,인공지능학과,95.5
korea,고려대학교 (서울),2026,차세대통신학과,95.17
korea,고려대학교 (서울),2026,스마트모빌리티학부,95.12
korea,고려대학교 (서울),2023,의과대학,99.37
korea,고려대학교 (서울),2023,반도체공학과,97.67
korea,고려대학교 (서울),2023,차세대통신학과,96.83
korea,고려대학교 (서울),2023,스마트모빌리티학부,96.67
korea,고려대학교 (서울),2023,컴퓨터학과,96.02
korea,고려대학교 (서울),2023,체육교육과,87.73
korea,고려대학교 (서울),2022,경영대학,94.33
korea,고려대학교 (서울),2022,국어국문학과,93.37
korea,고려대학교 (서울),2022,사학과,92.73
korea,고려대학교 (서울),2022,영어영문학과,92.83
korea,고려대학교 (서울),2022,언어학과,93.0
korea,고려대학교 (서울),2022,정치외교학과,93.45
korea,고려대학교 (서울),2022,경제학과,94.95
korea,고려대학교 (서울),2022,행정학과,94.1
korea,고려대학교 (서울),2022,교육학과,92.83
korea,고려대학교 (서울),2022,국어교육과,93.25
korea,고려대학교 (서울),2022,국제학부,92.87
korea,고려대학교 (서울),2022,사이버국방학과,95.83
korea,고려대학교 (서울),2022,의과대학,97.97
korea,고려대학교 (서울),2022,생명과학부,93.85
korea,고려대학교 (서울),2022,물리학과,93.67
korea,고려대학교 (서울),2022,화공생명공학과,94.0
korea,고려대학교 (서울),2022,신소재공학부,94.4
korea,고려대학교 (서울),2022,전기전자공학부,94.33
korea,고려대학교 (서울),2022,반도체공학과,96.47
korea,고려대학교 (서울),2021,경영대학,97.33
korea,고려대학교 (서울),2021,경제학과,95.87
korea,고려대학교 (서울),2021,정치외교학과,96.6
korea,고려대학교 (서울),2021,행정학과,96.87
korea,고려대학교 (서울),2021,교육학과,96.82
korea,고려대학교 (서울),2021,국어교육과,96.72
korea,고려대학교 (서울),2021,수학교육과,93.87
korea,고려대학교 (서울),2021,미디어학부,95.67
korea,고려대학교 (서울),2021,국어국문학과,95.78
korea,고려대학교 (서울),2021,사학과,95.12
korea,고려대학교 (서울),2021,의과대학,98.8
korea,고려대학교 (서울),2021,간호대학,92.07
korea,고려대학교 (서울),2021,컴퓨터학과,95.08
korea,고려대학교 (서울),2021,식품자원경제학과,95.43
korea,고려대학교 (서울),2021,화공생명공학과,93.73
korea,고려대학교 (서울),2021,기계공학과,93.02
korea,고려대학교 (서울),2021,전기전자공학부,94.47
cau,중앙대학교,2025,의학부,99.0
cau,중앙대학교,2025,약학부,96.17
cau,중앙대학교,2025,경영학부,92.0
cau,중앙대학교,2025,AI학과,92.5
cau,중앙대학교,2025,소프트웨어학부,93.5
cau,중앙대학교,2025,인문계열 평균,89.5
cau,중앙대학교,2025,자연계열 평균,90.5
cau,중앙대학교,2025,경영학부 (글로벌금융),92.49
cau,중앙대학교,2025,생명자원공학부 (식물생명공학),71.75
cau,중앙대학교,2025,사회기반시스템공학부 (도시시스템공학),92.55
cau,중앙대학교,2025,예술공학부,76.5
cau,중앙대학교,2025,영어영문학과,89.17
cau,중앙대학교,2025,철학과,91.17
cau,중앙대학교,2025,역사학과,89.33
cau,중앙대학교,2025,공공인재학부,92.5
cau,중앙대학교,2025,문헌정보학과,91.83
cau,중앙대학교,2025,경영학부 (경영학),91.83
cau,중앙대학교,2024,의학부,98.77
cau,중앙대학교,2024,약학부,97.49
cau,중앙대학교,2024,소프트웨어학부,93.55
cau,중앙대학교,2024,전자전기공학부,93.2
cau,중앙대학교,2024,경영학부 (경영),92.5
cau,중앙대학교,2024,경영학부 (글로벌금융),92.49
cau,중앙대학교,2024,응용통계학과,92.47
cau,중앙대학교,2024,간호학과 (인문),91.9
cau,중앙대학교,2024,경제학부,91.68
cau,중앙대학교,2024,AI학과,92.9
cau,중앙대학교,2024,산업보안학과 (자연),92.79
cau,중앙대학교,2024,화학공학과,92.6
cau,중앙대학교,2024,도시시스템공학,92.55
cau,중앙대학교,2024,경영학부 (경영학),92.45
cau,중앙대학교,2024,에너지시스템공학부,92.23
cau,중앙대학교,2024,융합공학부,92.26
cau,중앙대학교,2024,생명과학과,92.15
cau,중앙대학교,2024,화학과,92.08
cau,중앙대학교,2024,물리학과,91.9
cau,중앙대학교,2024,영어영문학과,89.7
cau,중앙대학교,2024,공공인재학부,91.5
cau,중앙대학교,2024,도시계획·부동산학과,91.14
cau,중앙대학교,2024,수학과,91.85
cau,중앙대학교,2024,기계공학부,91.72
cau,중앙대학교,2024,간호학과 (자연),90.5
cau,중앙대학교,2024,국어국문학과,90.76
cau,중앙대학교,2024,정치국제학과,90.42
cau,중앙대학교,2024,심리학과,90.8
cau,중앙대학교,2024,건축학부,91.13
cau,중앙대학교,2024,교육학과,91.17
cau,중앙대학교,2023,의학부,98.88
cau,중앙대학교,2023,약학부,96.57
cau,중앙대학교,2023,산업보안학과 (인문),92.98
cau,중앙대학교,2023,AI학과,92.37
cau,중앙대학교,2023,전자전기공학부,92.2
cau,중앙대학교,2023,화학신소재공학부,92.1
cau,중앙대학교,2023,소프트웨어학부,92.09
cau,중앙대학교,2023,도시계획부동산학과,92.0
cau,중앙대학교,2023,기계공학부,92.0
cau,중앙대학교,2023,생명과학과,91.9
cau,중앙대학교,2023,융합공학부,91.53
cau,중앙대학교,2023,물리학과,91.15
cau,중앙대학교,2023,간호학과 (인문),91.02
cau,중앙대학교,2023,정치국제학과,91.73
cau,중앙대학교,2023,경영학부,91.85
cau,중앙대학교,2023,응용통계학과,91.63
cau,중앙대학교,2023,공공인재학부,91.43
cau,중앙대학교,2023,미디어커뮤니케이션학부,91.48
cau,중앙대학교,2023,영어영문학과,90.88
cau,중앙대학교,2023,경제학부,88.96
cau,중앙대학교,2022,의학부,98.3
cau,중앙대학교,2022,약학부,95.8
cau,중앙대학교,2022,창의ICT공과대학,91.23
cau,중앙대학교,2022,소프트웨어학부,91.2
cau,중앙대학교,2022,AI학과,91.0
cau,중앙대학교,2022,산업보안학과 (자연),90.61
cau,중앙대학교,2022,기계공학부,90.5
cau,중앙대학교,2022,화학신소재공학부,90.2
cau,중앙대학교,2022,자연과학대학,89.88
cau,중앙대학교,2022,공공인재학부,89.5
cau,중앙대학교,2022,경영학부 (글로벌금융),87.5
cau,중앙대학교,2022,첨단소재공학부,81.75
cau,중앙대학교,2022,인문대학,89.4
cau,중앙대학교,2022,사회과학대학,88.36
cau,중앙대학교,2022,공과대학,84.97
cau,중앙대학교,2022,영어교육과,89.46
cau,중앙대학교,2022,경영학부,88.8
cau,중앙대학교,2022,간호학과 (자연),88.21
cau,중앙대학교,2021,인문대학,92.7
cau,중앙대학교,2021,의학부,98.5
cau,중앙대학교,2021,자연과학대학,91.7
cau,중앙대학교,2021,교육학과,91.6
cau,중앙대학교,2021,영어교육과,92.3
cau,중앙대학교,2021,창의ICT공과대학,92.3
cau,중앙대학교,2021,경영경제대학,93.7
hufs,한국외국어대학교,2025,LD학부 (Language & Diplomacy),92.5
hufs,한국외국어대학교,2025,LT학부 (Language & Trade),91.5
hufs,한국외국어대학교,2025,영어대학 (영미문학),91.0
hufs,한국외국어대학교,2025,경영대학,91.0
hufs,한국외국어대학교,2025,AI융합대학,91.5
hufs,한국외국어대학교,2025,인문계열 평균,88.0
hufs,한국외국어대학교,2025,Language & Trade학부,90.17
hufs,한국외국어대학교,2025,디지털콘텐츠학부,70.17
hufs,한국외국어대학교,2025,Language & Diplomacy학부,91.0
hufs,한국외국어대학교,2025,세르비아크로아티아어과,73.33
hufs,한국외국어대학교,2025,ELLT학과,86.7
hufs,한국외국어대학교,2025,중국언어문화학부,86.7
hufs,한국외국어대학교,2025,영어교육과,85.62
hufs,한국외국어대학교,2025,경영학부,87.6
hufs,한국외국어대학교,2025,Language & AI융합학부,88.15
hufs,한국외국어대학교,2025,자유전공학부 (서울),85.77
hufs,한국외국어대학교,2025,컴퓨터공학과,73.33
hufs,한국외국어대학교,2024,LD학부,91.0
hufs,한국외국어대학교,2024,LT학부,90.17
hufs,한국외국어대학교,2024,국제통상학과,89.83
hufs,한국외국어대학교,2024,국제학부,89.33
hufs,한국외국어대학교,2024,경제학과,89.33
hufs,한국외국어대학교,2024,LAI융합학부,90.17
hufs,한국외국어대학교,2024,ELLT학과,88.33
hufs,한국외국어대학교,2024,베트남어과,87.5
hufs,한국외국어대학교,2024,일본언어문화학부,86.67
hufs,한국외국어대학교,2024,Language&Trade학부,90.17
hufs,한국외국어대학교,2024,정치외교학과,89.0
hufs,한국외국어대학교,2024,행정학과,89.17
hufs,한국외국어대학교,2024,경제학부,89.33
hufs,한국외국어대학교,2024,경영학부,90.67
hufs,한국외국어대학교,2023,Language & Diplomacy학부,91.33
hufs,한국외국어대학교,2023,Language & Trade학부,91.5
hufs,한국외국어대학교,2023,ELLT학과,89.5
hufs,한국외국어대학교,2023,말레이·인도네시아어과,86.33
hufs,한국외국어대학교,2023,아랍어과,86.67
hufs,한국외국어대학교,2023,태국어과,86.5
hufs,한국외국어대학교,2023,베트남어과,87.83
hufs,한국외국어대학교,2023,인도어과,87.17
hufs,한국외국어대학교,2023,터키·아제르바이잔어과,87.5
hufs,한국외국어대학교,2023,페르시아어·이란학과,86.67
hufs,한국외국어대학교,2023,몽골어과,87.33
hufs,한국외국어대학교,2023,중국언어문화학부,87.33
hufs,한국외국어대학교,2023,일본언어문화학부,88.17
hufs,한국외국어대학교,2023,영어교육과,88.33
hufs,한국외국어대학교,2023,한국어교육과,87.5
hufs,한국외국어대학교,2023,국제학부,89.0
hufs,한국외국어대학교,2023,Language&Trade학부,91.5
hufs,한국외국어대학교,2023,그리스·불가리아학과,73.5
hufs,한국외국어대학교,2023,중앙아시아학과,73.33
hufs,한국외국어대학교,2023,아프리카학부,75.17
hufs,한국외국어대학교,2023,한국학과,73.67
hufs,한국외국어대학교,2023,바이오메디컬공학부,75.17
hufs,한국외국어대학교,2023,영미문학·문화학과,88.5
hufs,한국외국어대학교,2023,EICC학과,89.17
hufs,한국외국어대학교,2023,경제학부,88.83
hufs,한국외국어대학교,2023,Language&Diplomacy학부,91.33
hufs,한국외국어대학교,2023,정치외교학과,89.5
hufs,한국외국어대학교,2023,국제통상학과,90.17
hufs,한국외국어대학교,2023,경영학부,90.67
hufs,한국외국어대학교,2022,ELLT학과,89.17
hufs,한국외국어대학교,2022,베트남어과,87.83
hufs,한국외국어대학교,2022,중국언어문화학부,88.67
hufs,한국외국어대학교,2022,영어교육과,88.67
hufs,한국외국어대학교,2022,국제학부,89.83
hufs,한국외국어대학교,2022,Language&Trade학부,90.67
hufs,한국외국어대학교,2022,EICC학과,88.33
hufs,한국외국어대학교,2022,스페인어과,87.33
hufs,한국외국어대학교,2022,융합일본지역학부,86.67
hufs,한국외국어대학교,2022,정치외교학과,88.33
hufs,한국외국어대학교,2022,미디어커뮤니케이션학부,89.5
hufs,한국외국어대학교,2022,국제통상학과,89.5
hufs,한국외국어대학교,2022,경제학부,89.67
hufs,한국외국어대학교,2022,LD학부,90.0
hufs,한국외국어대학교,2022,경영학부,90.83
uos,서울시립대학교,2025,도시공학과,91.7
uos,서울시립대학교,2025,전자전기컴퓨터공학부,92.0
uos,서울시립대학교,2025,건축학부,91.5
uos,서울시립대학교,2025,행정학과,91.33
uos,서울시립대학교,2025,경영학부,91.0
uos,서울시립대학교,2025,자연계열 평균,90.0
uos,서울시립대학교,2025,인문계열 평균,89.5
uos,서울시립대학교,2025,인공지능학과,90.33
uos,서울시립대학교,2025,지능형반도체전공,91.0
uos,서울시립대학교,2025,스포츠과학과,78.2
uos,서울시립대학교,2025,도시행정학과,90.83
uos,서울시립대학교,2025,인문계열 통합,86.33
uos,서울시립대학교,2025,자연계열 통합,92.5
uos,서울시립대학교,2025,국제관계학과,91.17
uos,서울시립대학교,2025,경제학부,87.5
uos,서울시립대학교,2024,도시공학과,91.7
uos,서울시립대학교,2024,인공지능학과,91.3
uos,서울시립대학교,2024,세무학과,91.2
uos,서울시립대학교,2024,도시행정학과,90.2
uos,서울시립대학교,2024,자유전공학부,88.8
uos,서울시립대학교,2024,행정학과,88.5
uos,서울시립대학교,2024,경제학부,87.0
uos,서울시립대학교,2024,경영학부,87.5
uos,서울시립대학교,2024,영어영문학과,84.7
uos,서울시립대학교,2024,도시사회학과,86.2
uos,서울시립대학교,2024,전자전기컴퓨터공학부,90.0
uos,서울시립대학교,2024,화학공학과,90.8
uos,서울시립대학교,2024,신소재공학과,91.2
uos,서울시립대학교,2024,컴퓨터과학부,90.8
uos,서울시립대학교,2024,생명과학과,91.2
uos,서울시립대학교,2023,인공지능학과,97.0
uos,서울시립대학교,2023,자유전공학부,96.0
uos,서울시립대학교,2023,컴퓨터과학부,90.8
uos,서울시립대학교,2023,화학공학과,90.0
uos,서울시립대학교,2023,전자전기컴퓨터공학부,89.0
uos,서울시립대학교,2023,스포츠과학과,77.2
uos,서울시립대학교,2022,경제학부,85.0
uos,서울시립대학교,2022,경영학부,85.7
uos,서울시립대학교,2022,도시사회학과,93.25
uos,서울시립대학교,2022,자유전공학부,88.0
uos,서울시립대학교,2022,전자전기컴퓨터공학부,89.3
uos,서울시립대학교,2022,기계정보공학과,91.5
uos,서울시립대학교,2022,통계학과,93.75
uos,서울시립대학교,2022,생명과학과,87.7
uos,서울시립대학교,2022,도시공학과,90.0
uos,서울시립대학교,2022,스포츠과학과,84.5
uos,서울시립대학교,2022,도시행정학과,86.8
uos,서울시립대학교,2022,행정학과,89.3
uos,서울시립대학교,2022,세무학과,86.7
uos,서울시립대학교,2022,국어국문학과,85.3
uos,서울시립대학교,2022,신소재공학과,90.8
uos,서울시립대학교,2022,컴퓨터과학부,90.0
uos,서울시립대학교,2022,환경공학과,86.8
hongik,홍익대학교,2025,서울캠퍼스 자율전공 (자연·예능),90.83
hongik,홍익대학교,2025,경제학부,90.8
hongik,홍익대학교,2025,불어불문학과,89.6
hongik,홍익대학교,2025,건축학부 실내건축학전공,89.5
hongik,홍익대학교,2025,서울캠퍼스 자율전공 (인문·예능),89.4
hongik,홍익대학교,2025,경영학부,89.2
hongik,홍익대학교,2025,교육학과,88.8
hongik,홍익대학교,2025,독어독문학과,88.8
hongik,홍익대학교,2025,건설환경공학과,87.5
hongik,홍익대학교,2025,컴퓨터공학과,87.17
hongik,홍익대학교,2025,산업데이터공학과,86.67
hongik,홍익대학교,2025,도시공학과,86.67
hongik,홍익대학교,2025,역사교육과,86.2
hongik,홍익대학교,2025,신소재화공시스템공학부,86.0
hongik,홍익대학교,2025,국어교육과,85.8
hongik,홍익대학교,2025,전자전기공학부,84.67
hongik,홍익대학교,2025,국어국문학과,84.4
hongik,홍익대학교,2025,법학부,84.2
hongik,홍익대학교,2025,건축학부 건축학전공 (5년제),84.17
hongik,홍익대학교,2025,수학교육과,84.0
hongik,홍익대학교,2025,영어영문학과,83.0
hongik,홍익대학교,2025,기계시스템디자인공학과,82.17
hongik,홍익대학교,2025,영어교육과,79.6
hongik,홍익대학교,2024,건축학부 (5년제),92.33
hongik,홍익대학교,2024,금속조형디자인과,90.75
hongik,홍익대학교,2024,컴퓨터공학과,90.5
hongik,홍익대학교,2024,도예유리과,90.25
hongik,홍익대학교,2024,목조형가구학과,90.0
hongik,홍익대학교,2024,디자인학부,89.0
hongik,홍익대학교,2024,섬유미술패션디자인과,89.0
hongik,홍익대학교,2024,판화과,88.5
hongik,홍익대학교,2024,경제학부,88.4
hongik,홍익대학교,2024,법학부,88.2
hongik,홍익대학교,2024,미술사학과,88.0
hongik,홍익대학교,2024,경영학부,86.6
hongik,홍익대학교,2024,조소과,82.25
hongik,홍익대학교,2024,회화과,81.25
hongik,홍익대학교,2024,디자인융합학부,81.5
hongik,홍익대학교,2024,동양화과,80.5
hongik,홍익대학교,2024,게임그래픽디자인전공,75.5
hongik,홍익대학교,2024,영상애니메이션전공,63.75
hongik,홍익대학교,2024,디자인컨버전스학부,81.5
hongik,홍익대학교,2024,예술학과,88.0
hongik,홍익대학교,2024,미술대학 자율전공,90.5
hongik,홍익대학교,2024,인문예능 자율전공,89.8
hongik,홍익대학교,2024,전자전기공학부,89.17
hongik,홍익대학교,2024,건축학부 (건축학전공),92.33
hongik,홍익대학교,2024,도시공학과,86.67
hongik,홍익대학교,2024,국어교육과,88.0
hongik,홍익대학교,2024,교육학과,84.6
hongik,홍익대학교,2024,국어국문학과,87.4
hongik,홍익대학교,2023,건축학부 건축학전공 (5년),91.17
hongik,홍익대학교,2023,건축학부 실내건축학전공,89.67
hongik,홍익대학교,2023,디자인학부,97.75
hongik,홍익대학교,2023,경영학부,89.6
hongik,홍익대학교,2023,컴퓨터공학과,89.17
hongik,홍익대학교,2023,기계시스템디자인공학과,79.83
hongik,홍익대학교,2023,도시공학과,83.5
hongik,홍익대학교,2022,디자인컨버전스학부,77.0
hongik,홍익대학교,2022,예술학과,87.75
hongik,홍익대학교,2022,금속조형디자인과,91.75
hongik,홍익대학교,2022,섬유미술패션디자인과,95.25
hongik,홍익대학교,2022,자율전공학부 (자연/예능),86.5
hongik,홍익대학교,2022,전자전기공학부,87.17
hongik,홍익대학교,2022,컴퓨터공학과,87.83
hongik,홍익대학교,2022,건설환경공학과,82.83
hongik,홍익대학교,2022,도시공학과,83.0
hongik,홍익대학교,2022,국어교육과,88.6
hongik,홍익대학교,2022,경영학부,86.2
hongik,홍익대학교,2022,영어영문학과,81.4
hongik,홍익대학교,2022,국어국문학과,85.6
hongik,홍익대학교,2022,법학과,87.4
hongik,홍익대학교,2022,경제학과,85.2
ewha,이화여자대학교,2025,의예과,98.5
ewha,이화여자대학교,2025,약학과,95.5
ewha,이화여자대학교,2025,사이버보안학과,92.0
ewha,이화여자대학교,2025,AI융합학부,92.0
ewha,이화여자대학교,2025,경영학부,91.5
ewha,이화여자대학교,2025,인문계열 평균,89.0
ewha,이화여자대학교,2025,자연계열 평균,90.5
ewha,이화여자대학교,2025,의예과 (자연),99.17
ewha,이화여자대학교,2025,약학전공,97.0
ewha,이화여자대학교,2025,사회과교육과,87.67
ewha,이화여자대학교,2025,교육학과,87.83
ewha,이화여자대학교,2025,유아교육과,86.83
ewha,이화여자대학교,2025,초등교육과,90.5
ewha,이화여자대학교,2025,교육공학과,89.83
ewha,이화여자대학교,2025,특수교육과,91.33
ewha,이화여자대학교,2025,영어교육과,88.67
ewha,이화여자대학교,2025,국어교육과,88.33
ewha,이화여자대학교,2025,수학교육과,89.33
ewha,이화여자대학교,2025,인문통합,88.33
ewha,이화여자대학교,2025,자연통합,89.0
ewha,이화여자대학교,2025,의예과 (인문),98.0
ewha,이화여자대학교,2025,간호학과,86.0
ewha,이화여자대학교,2025,약학부,97.33
ewha,이화여자대학교,2025,AI데이터사이언스 (인문),92.33
ewha,이화여자대학교,2025,AI데이터사이언스 (자연),89.17
ewha,이화여자대학교,2024,의예과 (자연),98.67
ewha,이화여자대학교,2024,약학과,97.43
ewha,이화여자대학교,2024,미래산업약학,96.0
ewha,이화여자대학교,2024,자연계열 통합선발,90.5
ewha,이화여자대학교,2024,뇌인지과학 (자연),92.0
ewha,이화여자대학교,2024,의예과 (인문),96.67
ewha,이화여자대학교,2024,뇌인지과학 (인문),92.33
ewha,이화여자대학교,2024,초등교육과,90.5
ewha,이화여자대학교,2024,인공지능 (인문),90.3
ewha,이화여자대학교,2024,간호학과,90.0
ewha,이화여자대학교,2024,약학전공,97.0
ewha,이화여자대학교,2024,미래산업약학전공,96.33
ewha,이화여자대학교,2024,인공지능학과,91.33
ewha,이화여자대학교,2022,인문계열,93.33
ewha,이화여자대학교,2022,자연계열,89.67
ewha,이화여자대학교,2022,의예과 (인문),99.33
ewha,이화여자대학교,2022,의예과 (자연),97.83
ewha,이화여자대학교,2022,간호학부,93.17
ewha,이화여자대학교,2022,뇌·인지과학과,94.5
ewha,이화여자대학교,2022,초등교육과,94.5
ewha,이화여자대학교,2022,교육공학과,94.5
ewha,이화여자대학교,2022,사회교육과,93.17
ewha,이화여자대학교,2023,의예과,98.5
ewha,이화여자대학교,2023,약학과,96.5
ewha,이화여자대학교,2023,미래산업약학전공,97.0
ewha,이화여자대학교,2023,계열별통합 (자연),90.67
ewha,이화여자대학교,2023,간호학부,90.5
ewha,이화여자대학교,2023,의예과 (인문),98.83
ewha,이화여자대학교,2023,뇌·인지과학과,92.5
ewha,이화여자대학교,2023,교육학과,89.67
ewha,이화여자대학교,2023,초등교육과,87.67
ewha,이화여자대학교,2023,국어교육과,89.5
sookmyung,숙명여자대학교,2025,약학부,95.5
sookmyung,숙명여자대학교,2025,경제학부,81.0
sookmyung,숙명여자대학교,2025,AI공학부,91.0
sookmyung,숙명여자대학교,2025,인문계열 평균,88.5
sookmyung,숙명여자대학교,2025,자연계열 평균,89.5
sookmyung,숙명여자대학교,2025,인공지능학부,88.88
sookmyung,숙명여자대학교,2025,수학과,70.33
sookmyung,숙명여자대학교,2025,한국어문학부,79.33
sookmyung,숙명여자대학교,2025,역사문화학과,82.83
sookmyung,숙명여자대학교,2025,법학부,79.33
sookmyung,숙명여자대학교,2025,인공지능공학부,84.0
sookmyung,숙명여자대학교,2025,기계시스템학부,81.33
sookmyung,숙명여자대학교,2024,약학과,96.4
sookmyung,숙명여자대학교,2024,인공지능공학과,88.88
sookmyung,숙명여자대학교,2024,화학과,88.38
sookmyung,숙명여자대학교,2024,컴퓨터과학과,88.38
sookmyung,숙명여자대학교,2024,글로벌협력학과,87.75
sookmyung,숙명여자대학교,2024,경제학부,87.63
sookmyung,숙명여자대학교,2024,경영학부,87.63
sookmyung,숙명여자대학교,2024,의류학과,87.5
sookmyung,숙명여자대학교,2023,약학부,96.25
sookmyung,숙명여자대학교,2023,경제학부,84.75
sookmyung,숙명여자대학교,2022,중국어문학부,88.17
sookmyung,숙명여자대학교,2022,관광·외식경영학부,90.0
sookmyung,숙명여자대학교,2022,교육학부,88.0
sookmyung,숙명여자대학교,2022,정치외교학과,86.17
sookmyung,숙명여자대학교,2022,아동복지학부,87.33
sookmyung,숙명여자대학교,2022,홍보광고학과,88.83
sookmyung,숙명여자대학교,2022,사회심리학과,90.17
sookmyung,숙명여자대학교,2022,경제학부,89.33
sookmyung,숙명여자대학교,2022,경영학부,88.17
sookmyung,숙명여자대학교,2022,미디어학부,89.33
sookmyung,숙명여자대학교,2022,수학과,82.33
sookmyung,숙명여자대학교,2022,화공생명공학부,84.17
sookmyung,숙명여자대학교,2022,기계시스템학부,82.67
sookmyung,숙명여자대학교,2022,의류학과,88.0
inha,인하대학교,2025,의예과,98.83
inha,인하대학교,2025,항공우주공학과,87.5
inha,인하대학교,2025,전기전자공학부,86.7
inha,인하대학교,2025,통계학과,86.7
inha,인하대학교,2025,미디어커뮤니케이션학과,86.2
inha,인하대학교,2025,아태물류학부,85.7
inha,인하대학교,2025,첨단바이오의약학과,85.5
inha,인하대학교,2025,화학공학과,85.3
inha,인하대학교,2025,반도체시스템공학과,85.3
inha,인하대학교,2025,기계공학과,85.83
inha,인하대학교,2025,컴퓨터공학과,85.0
inha,인하대학교,2025,신소재공학과,84.2
inha,인하대학교,2025,인공지능공학과,84.2
inha,인하대학교,2025,생명공학과,84.0
inha,인하대학교,2025,스마트모빌리티공학과,83.8
inha,인하대학교,2025,수학과,83.7
inha,인하대학교,2025,물리학과,83.7
inha,인하대학교,2025,간호학과,89.17
inha,인하대학교,2025,산업경영공학과,83.0
inha,인하대학교,2025,경영학과,81.83
inha,인하대학교,2025,법학과,75.33
inha,인하대학교,2024,의예과,98.67
inha,인하대학교,2024,반도체시스템공학과,86.17
inha,인하대학교,2024,전자공학과,86.0
inha,인하대학교,2024,인공지능공학과,85.17
inha,인하대학교,2024,생명공학과,85.0
inha,인하대학교,2024,자유전공학부,82.5
inha,인하대학교,2024,통계학과,82.33
inha,인하대학교,2024,수학교육과,82.17
inha,인하대학교,2024,사회교육과,81.33
inha,인하대학교,2024,국제통상학과,81.17
inha,인하대학교,2024,항공우주공학과,85.0
inha,인하대학교,2026,의예과,98.2
inha,인하대학교,2022,조선해양공학과,77.5
inha,인하대학교,2022,산업경영공학과,82.17
inha,인하대학교,2022,생명공학과,84.33
inha,인하대학교,2022,신소재공학과,83.0
inha,인하대학교,2022,사회인프라공학과,77.83
inha,인하대학교,2022,환경공학과,79.83
inha,인하대학교,2022,건축학부,79.33
inha,인하대학교,2022,정보통신공학과,82.5
inha,인하대학교,2022,수학과,77.5
inha,인하대학교,2022,화학과,80.5
inha,인하대학교,2022,경영학과,76.67
inha,인하대학교,2022,국어교육과,79.5
inha,인하대학교,2022,교육학과,77.0
inha,인하대학교,2022,미디어커뮤니케이션학과,76.5
inha,인하대학교,2022,사회복지학과,75.0
inha,인하대학교,2022,사학과,77.17
inha,인하대학교,2022,영어영문학과,72.83
inha,인하대학교,2022,문화콘텐츠문화경영학과,75.17
inha,인하대학교,2022,데이터사이언스학과,84.33
inha,인하대학교,2022,기계공학과,82.5
inha,인하대학교,2022,항공우주공학과,81.83
inha,인하대학교,2022,화학공학과,82.33
inha,인하대학교,2022,고분자공학과,79.83
inha,인하대학교,2022,에너지자원공학과,82.33
inha,인하대학교,2022,전기공학과,82.67
inha,인하대학교,2022,생명과학과,79.67
inha,인하대학교,2022,식품영양학과,76.83
inha,인하대학교,2022,글로벌금융학과 (인문),78.33
inha,인하대학교,2022,글로벌금융학과 (자연),76.67
inha,인하대학교,2022,아태물류학부 (인문),78.67
inha,인하대학교,2022,아태물류학부 (자연),80.5
inha,인하대학교,2022,영어교육과,77.0
inha,인하대학교,2022,사회교육과,80.0
inha,인하대학교,2022,수학교육과,80.17
inha,인하대학교,2022,정치외교학과,76.83
inha,인하대학교,2022,경제학과,75.5
inha,인하대학교,2022,한국어문학과,73.17
inha,인하대학교,2022,철학과,75.67
inha,인하대학교,2022,중국학과,74.67
inha,인하대학교,2022,프랑스언어문화학과,74.33
inha,인하대학교,2022,간호학과 (자연),81.33
inha,인하대학교,2022,간호학과 (인문),83.5
inha,인하대학교,2022,컴퓨터공학과,83.67
inha,인하대학교,2022,공간정보공학과 (자연),82.0
inha,인하대학교,2022,공간정보공학과 (인문),78.67
inha,인하대학교,2022,전자공학과,83.67
inha,인하대학교,2022,통계학과,80.33
inha,인하대학교,2022,물리학과,75.83
inha,인하대학교,2022,해양과학과,77.17
inha,인하대학교,2022,국제통상학과,78.67
inha,인하대학교,2022,행정학과,76.67
inha,인하대학교,2022,소비자학과,76.0
inha,인하대학교,2022,아동심리학과,74.33
inha,인하대학교,2022,일본언어문화학과,73.83
inha,인하대학교,2022,의류디자인학과 (일반),73.17
inha,인하대학교,2022,의예과,96.83
inha,인하대학교,2022,인공지능공학과,83.5
inha,인하대학교,2022,스마트모빌리티공학과,84.0
inha,인하대학교,2023,의예과,98.54
inha,인하대학교,2023,전자공학과,86.6
inha,인하대학교,2023,항공우주공학과,86.43
inha,인하대학교,2023,컴퓨터공학과,86.36
inha,인하대학교,2023,인공지능공학과,86.32
inha,인하대학교,2023,전기공학과,85.87
inha,인하대학교,2023,생명공학과,84.94
inha,인하대학교,2023,스마트모빌리티공학과,84.92
inha,인하대학교,2023,자유전공학부 (인문/자연),84.89
inha,인하대학교,2023,화학공학과,84.78
ajou,아주대학교,2025,의학과,98.33
ajou,아주대학교,2025,약학과,94.0
ajou,아주대학교,2025,화학공학과,89.17
ajou,아주대학교,2025,전자공학과,88.5
ajou,아주대학교,2025,미래자동차공학과,88.17
ajou,아주대학교,2025,간호학과 (자연),88.0
ajou,아주대학교,2025,간호학과,87.5
ajou,아주대학교,2025,지능형반도체공학과,87.0
ajou,아주대학교,2025,첨단신소재공학과,86.5
ajou,아주대학교,2025,소프트웨어학과,86.0
ajou,아주대학교,2025,사이버보안학과,86.0
ajou,아주대학교,2025,첨단바이오융합대학,86.0
ajou,아주대학교,2025,건축학과,85.17
ajou,아주대학교,2025,자유전공학부 (자연),84.83
ajou,아주대학교,2025,문화콘텐츠학과,84.67
ajou,아주대학교,2025,국방디지털융합학과,84.17
ajou,아주대학교,2025,금융공학과,83.83
ajou,아주대학교,2025,경영지능학과,83.5
ajou,아주대학교,2025,행정학과,83.5
ajou,아주대학교,2025,미디어학과,83.17
ajou,아주대학교,2025,환경안전공학과,83.0
ajou,아주대학교,2025,응용화학생명공학과,82.83
ajou,아주대학교,2025,경영학과,82.83
ajou,아주대학교,2025,첨단신소재공학,82.33
ajou,아주대학교,2025,국어국문학과,82.0
ajou,아주대학교,2025,기계공학과,81.83
ajou,아주대학교,2025,불어불문학과,81.33
ajou,아주대학교,2025,수학과,81.17
ajou,아주대학교,2025,영어영문학과,81.0
ajou,아주대학교,2025,산업공학과,80.5
ajou,아주대학교,2025,건설시스템공학과,80.5
ajou,아주대학교,2025,심리학과,80.5
ajou,아주대학교,2025,자유전공학부 (인문),80.33
ajou,아주대학교,2026,의학과,98.83
ajou,아주대학교,2026,화학공학과,89.17
ajou,아주대학교,2026,교통시스템공학과,77.5
ajou,아주대학교,2026,약학과,94.5
ajou,아주대학교,2026,첨단신소재공학과,90.5
ajou,아주대학교,2026,사이버보안학과,90.33
ajou,아주대학교,2026,지능형반도체공학과,89.5
ajou,아주대학교,2026,자유전공학부 (인문),88.83
ajou,아주대학교,2026,간호학과 (교차),88.17
ajou,아주대학교,2026,간호학과,86.83
ajou,아주대학교,2026,소프트웨어학과,86.5
ajou,아주대학교,2026,미래모빌리티공학과,86.33
ajou,아주대학교,2026,건축학과,86.17
ajou,아주대학교,2026,기계공학과,86.17
ajou,아주대학교,2026,전자공학과,86.17
ajou,아주대학교,2026,금융공학과,85.83
ajou,아주대학교,2026,자유전공학부 (자연),85.83
ajou,아주대학교,2026,경영학과,85.67
ajou,아주대학교,2026,산업공학과,85.67
ajou,아주대학교,2026,응용화학과,85.67
ajou,아주대학교,2026,프론티어과학학부,85.5
ajou,아주대학교,2024,의학과,97.33
ajou,아주대학교,2024,약학과,96.67
ajou,아주대학교,2024,소프트웨어학과,89.33
ajou,아주대학교,2024,응용화학생명공학과,77.0
sogang,서강대학교,2025,시스템반도체공학과,93.67
sogang,서강대학교,2025,영문학부,88.83
sogang,서강대학교,2025,중국문화학과,90.5
sogang,서강대학교,2025,인문학부,89.17
sogang,서강대학교,2025,유럽문화학과,94.0
sogang,서강대학교,2025,사회과학부,88.33
sogang,서강대학교,2025,경제학부,93.17
sogang,서강대학교,2025,경영학부,93.5
sogang,서강대학교,2025,한국학협동전공,90.83
sogang,서강대학교,2025,지식융합미디어학부,91.17
sogang,서강대학교,2025,수학과,92.33
sogang,서강대학교,2025,물리학과,90.17
sogang,서강대학교,2025,화학과,91.33
sogang,서강대학교,2025,생명과학과,89.5
sogang,서강대학교,2025,자연과학부,94.17
sogang,서강대학교,2025,전자공학과,90.83
sogang,서강대학교,2025,화공생명공학과,91.83
sogang,서강대학교,2025,기계공학과,92.67
sogang,서강대학교,2025,컴퓨터공학과,89.17
sogang,서강대학교,2025,인공지능학과,93.5
sogang,서강대학교,2025,인문기반자유전공학부,94.0
sogang,서강대학교,2025,AI기반자유전공학부,93.5
sogang,서강대학교,2024,시스템반도체공학과,93.33
sogang,서강대학교,2024,전자공학과,92.83
sogang,서강대학교,2024,생명과학과,92.5
sogang,서강대학교,2024,컴퓨터공학과,92.5
sogang,서강대학교,2024,지식융합미디어학부,92.17
sogang,서강대학교,2024,경제학부,91.5
sogang,서강대학교,2024,경영학부,91.5
sogang,서강대학교,2024,인문학부,91.0
sogang,서강대학교,2024,유럽문화학과,91.0
sogang,서강대학교,2024,한국학협동전공,90.83
sogang,서강대학교,2024,기계공학과,91.83
sogang,서강대학교,2024,물리학과,91.5
sogang,서강대학교,2024,사회과학부,90.83
sogang,서강대학교,2024,수학과,91.83
sogang,서강대학교,2024,영문학부,90.5
sogang,서강대학교,2024,인공지능학과,91.83
sogang,서강대학교,2024,중국문화학과,90.5
sogang,서강대학교,2024,화공생명공학과,91.17
sogang,서강대학교,2024,화학과,91.17
sogang,서강대학교,2023,인문학부,91.0
sogang,서강대학교,2023,영문학부,90.83
sogang,서강대학교,2023,경제학부,91.17
sogang,서강대학교,2023,경영학부,91.5
sogang,서강대학교,2023,컴퓨터공학과,93.0
sogang,서강대학교,2023,전자공학과,92.83
sogang,서강대학교,2023,시스템반도체공학과,95.33
sogang,서강대학교,2023,기계공학과,91.0
sogang,서강대학교,2023,중국문화학부,91.67
sogang,서강대학교,2023,사회과학부,91.17
sogang,서강대학교,2022,인문계,92.67
sogang,서강대학교,2022,영미문화계,92.33
sogang,서강대학교,2022,사회과학부,92.0
sogang,서강대학교,2022,경제학부,91.5
sogang,서강대학교,2022,경영학부,92.0
sogang,서강대학교,2022,수학과,90.5
sogang,서강대학교,2022,물리학과,91.17
sogang,서강대학교,2022,전자공학과,89.83
sogang,서강대학교,2022,컴퓨터공학과,90.33
sogang,서강대학교,2022,기계공학과,91.33
skku,성균관대학교,2025,글로벌리더학부,99.0
skku,성균관대학교,2025,글로벌경제학과,62.0
skku,성균관대학교,2025,소프트웨어학과,94.83
skku,성균관대학교,2025,반도체시스템공학과,95.67
skku,성균관대학교,2025,건축학과(,75.0
skku,성균관대학교,2025,약학과,97.0
skku,성균관대학교,2025,의예과,99.0
skku,성균관대학교,2025,수학교육과,66.7
skku,성균관대학교,2025,건설환경공학부,62.0
skku,성균관대학교,2025,스포츠과학과,70.6
skku,성균관대학교,2025,반도체융합공학과,90.0
skku,성균관대학교,2025,양자정보공학과,80.0
skku,성균관대학교,2025,생명과학과,94.0
skku,성균관대학교,2025,물리학과,62.0
skku,성균관대학교,2025,자유전공계열,95.73
skku,성균관대학교,2025,인문과학계열,99.97
skku,성균관대학교,2025,글로벌경영학과,78.73
skku,성균관대학교,2025,자연과학계열,99.0
skku,성균관대학교,2025,전자전기공학부,93.07
skku,성균관대학교,2025,지능형소프트웨어학과,95.67
skku,성균관대학교,2025,글로벌바이오메디컬공학과,70.1
skku,성균관대학교,2025,에너지학과,71.0
skku,성균관대학교,2025,사회과학계열,99.0
skku,성균관대학교,2025,경영학과,70.0
skku,성균관대학교,2025,유학·동양학과,77.0
skku,성균관대학교,2025,국어국문학과,88.0
skku,성균관대학교,2025,한문학과,70.0
skku,성균관대학교,2025,사학과,81.0
skku,성균관대학교,2025,수학과,85.7
skku,성균관대학교,2025,화학과,68.0
skku,성균관대학교,2025,글로벌융합학부,71.0
skku,성균관대학교,2025,의상학과,64.0
skku,성균관대학교,2025,영상학과,91.33
skku,성균관대학교,2025,한문교육과,91.33
skku,성균관대학교,2025,미술학과 (동양화),78.5
skku,성균관대학교,2025,미술학과 (서양화),82.5
skku,성균관대학교,2025,디자인학과 (서피스디자인),82.5
skku,성균관대학교,2024,의예과,99.0
skku,성균관대학교,2024,약학과,97.67
skku,성균관대학교,2024,반도체시스템공학과,95.67
skku,성균관대학교,2024,지능형소프트웨어학과,95.67
skku,성균관대학교,2024,글로벌경영학과,93.0
skku,성균관대학교,2024,글로벌리더학,92.8
skku,성균관대학교,2024,사회과학계열,92.3
skku,성균관대학교,2024,글로벌경제학과,92.2
skku,성균관대학교,2024,경영학과,91.8
skku,성균관대학교,2024,소프트웨어학과,94.83
skku,성균관대학교,2024,전자전기공학부,94.67
skku,성균관대학교,2022,사회과학계열,94.17
skku,성균관대학교,2022,글로벌경제학과,94.83
skku,성균관대학교,2022,인문과학계열,93.33
skku,성균관대학교,2022,경영학과,94.0
skku,성균관대학교,2022,영상학과,94.17
skku,성균관대학교,2022,공학계열,92.83
skku,성균관대학교,2022,전자전기공학부,93.17
skku,성균관대학교,2022,반도체시스템공학과,94.33
skku,성균관대학교,2022,의예과,99.17
skku,성균관대학교,2022,건설환경공학부,92.5
skku,성균관대학교,2022,스포츠과학과,86.33
skku,성균관대학교,2023,글로벌경제학과,93.0
skku,성균관대학교,2023,글로벌경영학과,92.83
skku,성균관대학교,2023,사회과학계열,92.33
skku,성균관대학교,2023,경영학과,92.0
skku,성균관대학교,2023,의예과,99.36
skku,성균관대학교,2023,약학과,97.67
skku,성균관대학교,2023,글로벌바이오메디컬공학과,95.0
skku,성균관대학교,2023,전자전기공학부,93.81
hanyang,한양대학교,2025,의예과,96.67
hanyang,한양대학교,2025,반도체공학과,91.67
hanyang,한양대학교,2025,생명공학과,93.3
hanyang,한양대학교,2025,화학공학과,93.27
hanyang,한양대학교,2025,융합전자공학부,94.01
hanyang,한양대학교,2025,데이터사이언스학부,92.99
hanyang,한양대학교,2025,관광학부,92.91
hanyang,한양대학교,2025,컴퓨터소프트웨어학부,92.67
hanyang,한양대학교,2025,행정학과,92.44
hanyang,한양대학교,2025,한양인터칼리지,92.43
hanyang,한양대학교,2025,국어교육과,92.42
hanyang,한양대학교,2025,파이낸스경영학과,92.37
hanyang,한양대학교,2025,신소재공학부,92.33
hanyang,한양대학교,2025,에너지공학과,92.3
hanyang,한양대학교,2025,건축학부,89.83
hanyang,한양대학교,2025,미래자동차공학과,92.29
hanyang,한양대학교,2025,기계공학부,92.27
hanyang,한양대학교,2025,정치외교학과,92.21
hanyang,한양대학교,2025,건축공학부,92.17
hanyang,한양대학교,2025,사회학과,92.15
hanyang,한양대학교,2025,수학과,92.75
hanyang,한양대학교,2025,스포츠사이언스전공,88.72
hanyang,한양대학교,2025,실내건축디자인학과,91.38
hanyang,한양대학교,2025,경영학부,87.67
hanyang,한양대학교,2025,건설환경공학과,96.0
hanyang,한양대학교,2025,간호학과,89.17
hanyang,한양대학교,2025,국어국문학과,90.67
hanyang,한양대학교,2025,경제금융학부,92.17
hanyang,한양대학교,2024,의예과,98.83
hanyang,한양대학교,2024,반도체공학과,95.45
hanyang,한양대학교,2024,생명공학과,94.75
hanyang,한양대학교,2024,미래자동차공학과,95.04
hanyang,한양대학교,2024,행정학과,94.0
hanyang,한양대학교,2024,미디어커뮤니케이션학과,93.5
hanyang,한양대학교,2024,정책학과,93.5
hanyang,한양대학교,2024,국어교육과,93.3
hanyang,한양대학교,2024,정보시스템학과/교육공학과,93.0
hanyang,한양대학교,2024,에너지공학과,94.25
hanyang,한양대학교,2024,데이터사이언스학부,94.64
hanyang,한양대학교,2024,생체공학과,94.0
hanyang,한양대학교,2024,융합전자공학부,93.5
hanyang,한양대학교,2024,컴퓨터소프트웨어학부,93.25
hanyang,한양대학교,2024,전기공학부,93.5
hanyang,한양대학교,2024,생명과학과,94.92
hanyang,한양대학교,2024,신소재공학부,94.38
hanyang,한양대학교,2026,의예과,98.38
hanyang,한양대학교,2026,반도체공학과,96.26
hanyang,한양대학교,2026,기계공학부,93.67
hanyang,한양대학교,2026,에너지공학과,93.67
hanyang,한양대학교,2026,한양인터칼리지학부,93.55
hanyang,한양대학교,2026,융합전자공학부,93.53
hanyang,한양대학교,2026,미래자동차공학과,93.51
hanyang,한양대학교,2026,컴퓨터소프트웨어학부,93.49
hanyang,한양대학교,2026,간호학과,93.48
hanyang,한양대학교,2026,화학공학과,93.48
hanyang,한양대학교,2026,물리학과,93.33
hanyang,한양대학교,2026,데이터사이언스학부,93.31
hanyang,한양대학교,2026,자원환경공학과,93.2
hanyang,한양대학교,2026,수학교육과,93.17
hanyang,한양대학교,2026,생명공학과,93.17
hanyang,한양대학교,2023,의예과,99.5
hanyang,한양대학교,2023,컴퓨터소프트웨어학부,96.33
hanyang,한양대학교,2023,정보시스템학과,96.0
hanyang,한양대학교,2023,반도체공학과,95.25
hanyang,한양대학교,2023,건축학부,93.75
hanyang,한양대학교,2023,기계공학부,92.5
hanyang,한양대학교,2023,경제금융학부,92.5
hanyang,한양대학교,2023,경영학부,92.0
hanyang,한양대학교,2023,교육학과,92.67
hanyang,한양대학교,2023,간호학과,91.75
hanyang,한양대학교,2023,데이터사이언스학과,94.0
hanyang,한양대학교,2023,미래자동차공학과,90.5
hanyang,한양대학교,2023,유기나노공학과,94.33
hanyang,한양대학교,2023,전기공학과,92.75
hanyang,한양대학교,2023,정치외교학과,93.25
hanyang,한양대학교,2023,수학교육과,94.25
hanyang,한양대학교,2023,영어영문학과,92.33
hanyang,한양대학교,2023,파이낸스경영학과,93.17
hanyang,한양대학교,2023,행정학과,93.5
hanyang,한양대학교,2023,미디어커뮤니케이션학과,93.0
hanyang,한양대학교,2022,정보시스템학과,95.25
hanyang,한양대학교,2022,에너지공학과,93.25
hanyang,한양대학교,2022,미래자동차공학과,93.5
hanyang,한양대학교,2022,관광학부,95.25
hanyang,한양대학교,2022,행정학과,95.75
hanyang,한양대학교,2022,파이낸스경영학과,95.75
hanyang,한양대학교,2022,연극영화학과 (영화전공),94.75
hanyang,한양대학교,2022,심리뇌과학과,96.0
hanyang,한양대학교,2022,도시공학과,91.75
hanyang,한양대학교,2022,컴퓨터소프트웨어학부,92.75
hanyang,한양대학교,2022,기계공학부,92.75
hanyang,한양대학교,2022,의예과,97.75
hanyang,한양대학교,2022,국어국문학과,95.0
hanyang,한양대학교,2022,사학과,95.0
hanyang,한양대학교,2022,정치외교학과,94.25
hanyang,한양대학교,2022,정책학과,95.5
hanyang,한양대학교,2022,영어교육과,94.25
konkuk,건국대학교,2025,수의예과,95.5
konkuk,건국대학교,2025,컴퓨터공학부,91.83
konkuk,건국대학교,2025,첨단바이오공학부,91.83
konkuk,건국대학교,2025,KU자유전공학부,91.67
konkuk,건국대학교,2025,융합생명공학과,91.5
konkuk,건국대학교,2025,전기전자공학부,91.0
konkuk,건국대학교,2025,화학공학부,91.0
konkuk,건국대학교,2025,경제학과,90.83
konkuk,건국대학교,2025,경영학과,90.67
konkuk,건국대학교,2025,재료공학과,90.5
konkuk,건국대학교,2025,행정학과,90.3
konkuk,건국대학교,2025,영어영문학과,90.17
konkuk,건국대학교,2025,응용통계학과,90.17
konkuk,건국대학교,2025,동물자원과학과/식품유통공학부,90.17
konkuk,건국대학교,2024,수의예과,95.75
konkuk,건국대학교,2024,화학공학부,92.25
konkuk,건국대학교,2024,의생명공학과,92.0
konkuk,건국대학교,2024,수학교육과,91.25
konkuk,건국대학교,2024,융합생명공학과,91.25
konkuk,건국대학교,2024,경영학과,91.5
konkuk,건국대학교,2024,미디어커뮤니케이션학과,90.75
konkuk,건국대학교,2024,의상디자인학과 (인문),90.75
konkuk,건국대학교,2024,행정학과,89.25
konkuk,건국대학교,2024,영어교육과,89.5
konkuk,건국대학교,2024,교육공학과,79.5
konkuk,건국대학교,2024,융합인재학과,81.5
konkuk,건국대학교,2024,정치외교학과,81.0
konkuk,건국대학교,2024,물리학과,85.75
konkuk,건국대학교,2024,전기전자공학부,87.0
konkuk,건국대학교,2024,화학공학과,92.25
konkuk,건국대학교,2024,컴퓨터공학과,90.5
konkuk,건국대학교,2024,국제무역학과,88.25
konkuk,건국대학교,2024,국어국문학과,84.0
konkuk,건국대학교,2024,철학과,91.0
konkuk,건국대학교,2024,문화콘텐츠학과,83.5
konkuk,건국대학교,2024,수학과,88.25
konkuk,건국대학교,2024,경제학과,81.0
konkuk,건국대학교,2024,부동산학과,89.25
konkuk,건국대학교,2024,동물자원과학과,89.75
konkuk,건국대학교,2023,수의예과,96.83
konkuk,건국대학교,2023,컴퓨터공학부,89.83
konkuk,건국대학교,2023,줄기세포재생공학과,89.83
konkuk,건국대학교,2023,융합생명공학과,89.83
konkuk,건국대학교,2023,의생명공학과,89.67
konkuk,건국대학교,2023,스마트ICT융합공학과,89.5
konkuk,건국대학교,2023,미래에너지공학과,89.17
konkuk,건국대학교,2022,물리학과,86.0
konkuk,건국대학교,2022,전기전자공학부,89.67
konkuk,건국대학교,2022,컴퓨터공학과,88.83
konkuk,건국대학교,2022,국제무역학과,87.33
konkuk,건국대학교,2022,글로벌비즈니스학과,88.0
konkuk,건국대학교,2022,수의예과,96.67
konkuk,건국대학교,2022,영어교육과,87.67
konkuk,건국대학교,2022,국어국문학과,85.83
konkuk,건국대학교,2022,영어영문학과,86.33
konkuk,건국대학교,2022,지리학과,86.33
konkuk,건국대학교,2022,정치외교학과,85.83
konkuk,건국대학교,2022,경제학과,87.0
konkuk,건국대학교,2022,행정학과,85.83
konkuk,건국대학교,2022,경영학과,87.17
konkuk,건국대학교,2022,부동산학과,88.5
konkuk,건국대학교,2022,식량자원과학과,86.83
konkuk,건국대학교,2022,환경보건과학과,88.0
konkuk,건국대학교,2022,미디어커뮤니케이션학과,88.33
konkuk,건국대학교,2022,스마트ICT융합공학과,88.33
konkuk,건국대학교,2022,의생명공학과,90.33
konkuk,건국대학교,2022,융합생명공학과,91.0
dongguk,동국대학교,2025,일본학과 나,61.0
dongguk,동국대학교,2025,중어중문학과 가,83.0
dongguk,동국대학교,2025,수학과 나,65.0
dongguk,동국대학교,2025,화학과 가,61.0
dongguk,동국대학교,2025,통계학과 나,70.0
dongguk,동국대학교,2025,물리학과 다,69.0
dongguk,동국대학교,2025,정치외교학전공 나,75.0
dongguk,동국대학교,2025,행정학전공 가,77.0
dongguk,동국대학교,2025,식품산업관리학과 가,61.0
dongguk,동국대학교,2025,광고홍보학과 나,82.0
dongguk,동국대학교,2025,경영정보학과 가,99.0
dongguk,동국대학교,2025,바이오환경과학과 가,92.0
dongguk,동국대학교,2025,식품생명공학과 나,83.0
dongguk,동국대학교,2025,의생명공학과 나,79.0
dongguk,동국대학교,2025,전자전기공학부 가,67.0
dongguk,동국대학교,2025,건설환경공학과 나,85.0
dongguk,동국대학교,2025,첨단융합 컴퓨터․AI학부(자연),74.0
dongguk,동국대학교,2025,약학 약학과 나,85.0
dongguk,동국대학교,2025,불교 문화유산학과,68.0
dongguk,동국대학교,2025,철학과,84.0
dongguk,동국대학교,2025,수학과,78.0
dongguk,동국대학교,2025,화학과,89.0
dongguk,동국대학교,2025,통계학과,78.0
dongguk,동국대학교,2025,물리학과,60.0
dongguk,동국대학교,2025,정치외교학전공,63.0
dongguk,동국대학교,2025,북한학전공,71.0
dongguk,동국대학교,2025,사회 국제통상학과,75.0
dongguk,동국대학교,2025,과학 사회학전공,88.0
dongguk,동국대학교,2025,미디어커뮤니케이션학전공,60.0
dongguk,동국대학교,2025,사회복지학과,60.0
dongguk,동국대학교,2025,경영학과,80.0
dongguk,동국대학교,2025,경영 회계학과,77.0
dongguk,동국대학교,2025,의생명공학과,67.0
dongguk,동국대학교,2025,전자전기공학부,69.0
dongguk,동국대학교,2025,화공생물공학과,71.0
dongguk,동국대학교,2025,건축공학부,69.0
dongguk,동국대학교,2025,컴퓨터․AI학부,64.0
dongguk,동국대학교,2025,국어교육과,63.0
dongguk,동국대학교,2025,수학교육과,83.0
dongguk,동국대학교,2025,가정교육과,93.0
dongguk,동국대학교,2025,문화유산학과,86.6
dongguk,동국대학교,2025,영어영문학부,87.43
dongguk,동국대학교,2025,사학과,80.0
dongguk,동국대학교,2025,법과 법학과,98.0
dongguk,동국대학교,2025,행정학전공,68.0
dongguk,동국대학교,2025,국제통상학과,82.0
dongguk,동국대학교,2025,광고홍보학과,89.0
dongguk,동국대학교,2025,경찰사법경찰행정학부,88.0
dongguk,동국대학교,2025,경영정보학과,70.0
dongguk,동국대학교,2025,식품생명공학과,73.0
dongguk,동국대학교,2025,정보통신공학과,90.0
dongguk,동국대학교,2025,건설환경공학과,73.0
dongguk,동국대학교,2025,기계로봇에너지공학과,82.0
dongguk,동국대학교,2025,산업시스템공학과,90.0
dongguk,동국대학교,2025,에너지신소재공학과,76.0
dongguk,동국대학교,2025,융합 시스템반도체학부,86.0
dongguk,동국대학교,2025,교육학과,65.0
dongguk,동국대학교,2025,역사교육과,78.0
dongguk,동국대학교,2025,지리교육과,79.0
dongguk,동국대학교,2025,예술 영화영상학과,60.0
dongguk,동국대학교,2025,열린전공학부(자연),82.0
dongguk,동국대학교,2025,중어중문학과,67.0
dongguk,동국대학교,2025,경제학과,69.0
dongguk,동국대학교,2025,경찰사법 경찰행정학부,66.0
dongguk,동국대학교,2025,바이오 생명과학과,67.0
dongguk,동국대학교,2025,시스템 의생명공학과,61.0
dongguk,동국대학교,2025,융합보안학과,70.0
dongguk,동국대학교,2025,미래융합 사회복지상담학과,85.0
dongguk,동국대학교,2025,국어국문·문예창작학부,66.0
dongguk,동국대학교,2025,일본학과,87.79
dongguk,동국대학교,2025,사회과학 국제통상학과,67.17
dongguk,동국대학교,2025,바이오환경과학과,90.0
dongguk,동국대학교,2025,생명과학과,91.0
dongguk,동국대학교,2025,컴퓨터․AI학부(인문),71.75
dongguk,동국대학교,2025,시스템반도체학부,90.36
dongguk,동국대학교,2025,약학 약학과,67.2
dongguk,동국대학교,2025,문과 국어국문·문예창작학부,71.0
dongguk,동국대학교,2025,서양화전공,60.0
dongguk,동국대학교,2025,불교학부 나,86.08
dongguk,동국대학교,2025,문화유산학과 가,89.5
dongguk,동국대학교,2025,국어국문·문예창작학부 나,88.33
dongguk,동국대학교,2025,영어영문학부 나,88.94
dongguk,동국대학교,2025,철학과 나,94.33
dongguk,동국대학교,2025,사학과 나,88.38
dongguk,동국대학교,2025,법과 법학과 나,89.19
dongguk,동국대학교,2025,북한학전공 가,90.5
dongguk,동국대학교,2025,경제학과 가,87.88
dongguk,동국대학교,2025,국제통상학과 가,88.48
dongguk,동국대학교,2025,사회학전공 나,90.25
dongguk,동국대학교,2025,미디어커뮤니케이션학전공 가,89.0
dongguk,동국대학교,2025,사회복지학과 가,91.0
dongguk,동국대학교,2025,경찰사법 경찰행정학부 다,91.44
dongguk,동국대학교,2025,경영학과 나,93.08
dongguk,동국대학교,2025,경영 회계학과 나,90.72
dongguk,동국대학교,2025,생명과학과 가,85.79
dongguk,동국대학교,2025,정보통신공학과 나,84.92
dongguk,동국대학교,2025,화공생물공학과 나,85.86
dongguk,동국대학교,2025,기계로봇에너지공학과 가,88.66
dongguk,동국대학교,2025,건축공학부 가,85.43
dongguk,동국대학교,2025,산업시스템공학과 가,89.43
dongguk,동국대학교,2025,에너지신소재공학과 가,86.86
dongguk,동국대학교,2025,컴퓨터․AI학부(인문) 나,93.2
dongguk,동국대학교,2025,첨단융합 컴퓨터․AI학부(자연) 나,86.07
dongguk,동국대학교,2025,시스템반도체학부 다,89.5
dongguk,동국대학교,2025,교육학과 가,86.1
dongguk,동국대학교,2025,국어교육과 가,87.32
dongguk,동국대학교,2025,역사교육과 가,90.39
dongguk,동국대학교,2025,사범 지리교육과 가,91.85
dongguk,동국대학교,2025,수학교육과 가,84.39
dongguk,동국대학교,2025,가정교육과 가,86.6
dongguk,동국대학교,2025,조소전공 나,67.58
dongguk,동국대학교,2025,영화영상학과 가,85.79
dongguk,동국대학교,2025,열린전공학부(인문) 다,89.62
dongguk,동국대학교,2025,열린전공학부(자연) 다,87.26
dongguk,동국대학교,2025,문과 일본학과 나,93.0
dongguk,동국대학교,2025,바이오 생명과학과 가,75.5
dongguk,동국대학교,2025,시스템 식품생명공학과 나,84.5
dongguk,동국대학교,2025,컴퓨터․AI학부 나,80.6
dongguk,동국대학교,2025,예술 영화영상학과 가,87.0
dongguk,동국대학교,2025,사회과학 국제통상학과 가,87.0
dongguk,동국대학교,2025,공과 전자전기공학부 가,73.0
dongguk,동국대학교,2025,첨단융합 컴퓨터․AI학부 나,87.0
dongguk,동국대학교,2025,불교 문화유산학과 가,75.0
dongguk,동국대학교,2025,문과 영어영문학부 나,77.0
dongguk,동국대학교,2025,사회과학 미디어커뮤니케이션학전공 가,84.0
dongguk,동국대학교,2025,광고홍보학과 가,83.5
dongguk,동국대학교,2025,사회복지학과 나,84.0
dongguk,동국대학교,2025,경영학과 가,84.0
dongguk,동국대학교,2025,회계학과 나,86.5
dongguk,동국대학교,2025,바이오환경과학과 나,75.5
dongguk,동국대학교,2025,의생명공학과 가,74.0
dongguk,동국대학교,2025,공과 건설환경공학과 나,68.5
dongguk,동국대학교,2025,약학과,96.92
dongguk,동국대학교,2025,컴퓨터AI학부 (인문),90.51
dongguk,동국대학교,2025,경찰행정학부,90.36
dongguk,동국대학교,2025,국어국문문예창작학부,87.82
dongguk,동국대학교,2025,불교학부,85.8
dongguk,동국대학교,2024,약학과,97.3
dongguk,동국대학교,2024,AI소프트웨어융합학부 (자연),90.03
dongguk,동국대학교,2024,시스템반도체학부,90.02
dongguk,동국대학교,2024,전자전기공학부,89.55
dongguk,동국대학교,2024,에너지신소재공학과,89.16
dongguk,동국대학교,2024,경찰행정학부,90.9
dongguk,동국대학교,2024,AI소프트웨어융합학부 (인문),89.02
dongguk,동국대학교,2024,통계학과,88.48
dongguk,동국대학교,2024,식품산업관리학과,88.41
dongguk,동국대학교,2024,회계학과,88.39
dongguk,동국대학교,2024,불교학부,85.52
dongguk,동국대학교,2024,문화재학과,87.46
dongguk,동국대학교,2024,국어국문문예창작학부,86.8
dongguk,동국대학교,2024,영어영문학부,87.06
dongguk,동국대학교,2024,일본학과,86.52
dongguk,동국대학교,2024,중어중문학과,87.22
dongguk,동국대학교,2024,철학과,87.16
dongguk,동국대학교,2024,사학과,87.4
dongguk,동국대학교,2024,수학과,88.53
dongguk,동국대학교,2024,화학과,88.8
dongguk,동국대학교,2024,물리학과,88.62
dongguk,동국대학교,2024,법학과,87.79
dongguk,동국대학교,2024,정치외교학전공,87.07
dongguk,동국대학교,2024,행정학전공,87.78
dongguk,동국대학교,2024,북한학전공,86.28
dongguk,동국대학교,2024,경제학과,88.28
dongguk,동국대학교,2024,국제통상학과,87.82
dongguk,동국대학교,2024,사회학전공,86.83
dongguk,동국대학교,2024,미디어커뮤니케이션학전공,87.89
dongguk,동국대학교,2024,광고홍보학과,87.75
dongguk,동국대학교,2024,사회복지학과,87.25
dongguk,동국대학교,2024,경영학과,87.99
dongguk,동국대학교,2024,경영정보학과,88.34
dongguk,동국대학교,2024,바이오환경과학과,87.81
dongguk,동국대학교,2024,생명과학과,88.44
dongguk,동국대학교,2024,식품생명공학과,87.24
dongguk,동국대학교,2024,의생명공학과,88.43
dongguk,동국대학교,2024,정보통신공학과,89.08
dongguk,동국대학교,2024,건설환경공학과,88.28
dongguk,동국대학교,2024,화공생물공학과,88.8
dongguk,동국대학교,2024,기계로봇에너지공학과,89.02
dongguk,동국대학교,2024,건축공학부,88.19
dongguk,동국대학교,2024,산업시스템공학과,88.7
dongguk,동국대학교,2024,교육학과,87.91
dongguk,동국대학교,2024,국어교육과,86.73
dongguk,동국대학교,2024,역사교육과,87.66
dongguk,동국대학교,2024,지리교육과,87.59
dongguk,동국대학교,2024,수학교육과,87.86
dongguk,동국대학교,2024,가정교육과,87.53
dongguk,동국대학교,2024,영화영상학과,87.57
dongguk,동국대학교,2023,약학과,96.5
dongguk,동국대학교,2023,AI소프트웨어융합학부 (인문),89.667
dongguk,동국대학교,2023,경찰행정학부,89.833
dongguk,동국대학교,2023,불교학부,84.833
dongguk,동국대학교,2023,미디어커뮤니케이션학부,84.167
dongguk,동국대학교,2022,경영정보학과,88.3
dongguk,동국대학교,2022,경제학과,88.35
dongguk,동국대학교,2022,국어교육과,88.12
dongguk,동국대학교,2022,멀티미디어공학과,89.31
dongguk,동국대학교,2022,미디어커뮤니케이션학과,87.55
dongguk,동국대학교,2022,약학과,96.42
dongguk,동국대학교,2022,전자전기공학부,89.76
dongguk,동국대학교,2022,통계학과,88.49
dongguk,동국대학교,2022,화학과,89.62
dongguk,동국대학교,2022,건축공학부,87.66
dongguk,동국대학교,2022,경영학과,87.01
dongguk,동국대학교,2022,경찰행정학과,91.29
dongguk,동국대학교,2022,물리반도체과학부,88.44
dongguk,동국대학교,2022,법학과,86.73
dongguk,동국대학교,2022,영어영문학과,85.97
dongguk,동국대학교,2022,컴퓨터공학과,90.65
ssu,숭실대학교,2025,금융학부,86.8
ssu,숭실대학교,2025,사학과,73.7
ssu,숭실대학교,2025,정보보호학과,91.8
ssu,숭실대학교,2025,수학과,76.0
ssu,숭실대학교,2023,컴퓨터학부,89.3
ssu,숭실대학교,2023,소프트웨어학부,87.2
ssu,숭실대학교,2023,글로벌미디어학부,86.4
ssu,숭실대학교,2023,사회복지학부,84.1
ssu,숭실대학교,2023,신소재공학과,87.3
ssu,숭실대학교,2023,의생명시스템학부,87.8
ssu,숭실대학교,2023,수학과,86.6
ssu,숭실대학교,2023,화학과,86.3
ssu,숭실대학교,2023,기계공학과,86.0
ssu,숭실대학교,2023,융합특성화자유전공학부,86.6
ssu,숭실대학교,2023,경제학과,88.0
ssu,숭실대학교,2023,경영학부,82.8
ssu,숭실대학교,2023,독어독문학과,85.0
ssu,숭실대학교,2023,행정학부,86.5
ssu,숭실대학교,2023,정치외교학과,85.8
ssu,숭실대학교,2023,회계학과,86.6
ssu,숭실대학교,2022,회계학과,87.83
ssu,숭실대학교,2022,금융학부,87.83
ssu,숭실대학교,2022,건축학부 (실내건축),87.83
ssu,숭실대학교,2022,법학과,83.5
ssu,숭실대학교,2022,국어국문학과,83.5
ssu,숭실대학교,2022,철학과,84.17
ssu,숭실대학교,2022,정치외교학과,84.0
ssu,숭실대학교,2022,경제학과,83.83
ssu,숭실대학교,2022,경영학부,83.17
ssu,숭실대학교,2022,소프트웨어학부,83.33
ssu,숭실대학교,2022,전자정보공학부,88.0
ssu,숭실대학교,2024,국어국문학과,82.33
ssu,숭실대학교,2024,법학과,80.83
ssu,숭실대학교,2024,행정학부,85.83
ssu,숭실대학교,2024,언론홍보학과,85.67
ssu,숭실대학교,2024,경제학과,84.5
ssu,숭실대학교,2024,경영학부,84.33
ssu,숭실대학교,2024,산업정보시스템공학과,83.17
ssu,숭실대학교,2024,소프트웨어학부,85.17
ssu,숭실대학교,2024,전자정보공학부,84.67
ssu,숭실대학교,2024,수학과,85.0
ssu,숭실대학교,2024,화학과,84.67
ssu,숭실대학교,2024,화학공학과,84.0
ssu,숭실대학교,2024,전기공학부,85.67
ssu,숭실대학교,2024,컴퓨터학부,85.0
ssu,숭실대학교,2024,글로벌미디어학부,85.83
sejong,세종대학교,2025,경상계열,82.17
sejong,세종대학교,2025,인문사회계열,81.83
sejong,세종대학교,2025,자연생명계열,81.5
sejong,세종대학교,2025,IT계열,81.5
sejong,세종대학교,2022,항공시스템공학과,81.33
sejong,세종대학교,2022,국방시스템공학과,81.0
sejong,세종대학교,2022,국어국문학과,78.83
sejong,세종대학교,2022,행정학과,81.5
sejong,세종대학교,2022,경영학과,82.0
sejong,세종대학교,2022,컴퓨터공학과,83.5
sejong,세종대학교,2022,소프트웨어학과,80.83
sejong,세종대학교,2024,경상계열,82.17
sejong,세종대학교,2024,인공지능데이터사이언스학과,83.0
sejong,세종대학교,2024,인문사회계열,81.83
sejong,세종대학교,2024,자연생명계열,82.0
sejong,세종대학교,2024,AI로봇학과,81.33
sejong,세종대학교,2024,공과계열,81.67
sejong,세종대학교,2024,창의소프트·디자인이노베이션학과,84.5
sejong,세종대학교,2023,정보보호학과,85.17
sejong,세종대학교,2023,소프트웨어학과,84.5
sejong,세종대학교,2023,양자원자력공학과,82.0
sejong,세종대학교,2023,인공지능학과,81.67
sejong,세종대학교,2023,경제학과,82.83
sejong,세종대학교,2023,법학과,82.5
sejong,세종대학교,2023,국제학부,81.17
sejong,세종대학교,2023,경영학과,83.5
sejong,세종대학교,2023,미디어커뮤니케이션학과,83.17
sejong,세종대학교,2023,역사학과,82.83
sejong,세종대학교,2023,국어국문학과,82.17
sejong,세종대학교,2023,반도체시스템공학과,82.5
sejong,세종대학교,2023,전자정보통신공학과,81.67
sejong,세종대학교,2023,지능기전공학과,81.17
sejong,세종대학교,2023,기계공학과,80.83
dankook,단국대학교(죽전),2025,약학과,94.5
dankook,단국대학교(죽전),2025,전자전기공학부,88.0
dankook,단국대학교(죽전),2025,경영학부,87.5
dankook,단국대학교(죽전),2025,인문계열 평균,86.0
dankook,단국대학교(죽전),2025,자연계열 평균,87.5
dankook,단국대학교(죽전),2025,영어영문학과,78.5
dankook,단국대학교(죽전),2025,미디어커뮤니케이션학부,87.83
dankook,단국대학교(죽전),2025,상담학과,80.83
dankook,단국대학교(죽전),2025,컴퓨터공학과,81.67
dankook,단국대학교(죽전),2025,기계공학과,78.83
dankook,단국대학교(죽전),2025,화학공학과,81.67
dankook,단국대학교(죽전),2026,의예과,96.29
dankook,단국대학교(죽전),2026,치의예과,95.76
dankook,단국대학교(죽전),2026,약학과,94.75
dankook,단국대학교(죽전),2026,의예과 (지역인재),94.86
dankook,단국대학교(죽전),2026,치의예과 (지역인재),93.99
dankook,단국대학교(죽전),2026,약학과 (지역인재),91.75
dankook,단국대학교(죽전),2026,전자전기공학부,89.06
dankook,단국대학교(죽전),2026,수학교육과,88.71
dankook,단국대학교(죽전),2026,기계공학과,88.67
dankook,단국대학교(죽전),2026,인공지능학과,88.06
dankook,단국대학교(죽전),2026,융합반도체공학부,87.89
dankook,단국대학교(죽전),2026,화학공학과,87.87
dankook,단국대학교(죽전),2026,컴퓨터공학부,87.85
dankook,단국대학교(죽전),2024,건축학과 (5년),86.85
dankook,단국대학교(죽전),2024,철학과,85.71
dankook,단국대학교(죽전),2024,영화학과,85.44
dankook,단국대학교(죽전),2024,미디어커뮤니케이션학부,85.11
dankook,단국대학교(죽전),2024,전기공학과,85.02
dankook,단국대학교(죽전),2022,국제학부 (국제경영학전공),86.33
dankook,단국대학교(죽전),2022,커뮤니케이션학부,79.83
dankook,단국대학교(죽전),2022,공연영화학부 연극(연출),84.67
dankook,단국대학교(죽전),2022,영미인문학과,84.17
dankook,단국대학교(죽전),2022,국어국문학과,77.33
dankook,단국대학교(죽전),2022,법학과,78.83
dankook,단국대학교(죽전),2022,경제학과,79.17
dankook,단국대학교(죽전),2022,기계공학과,77.83
dankook,단국대학교(죽전),2022,소프트웨어학과,81.0
dankook,단국대학교(죽전),2023,영미인문학과,83.7
dankook,단국대학교(죽전),2023,미디어커뮤니케이션학부,84.45
dankook,단국대학교(죽전),2023,기계공학과,83.8
dankook,단국대학교(죽전),2023,영화전공,84.9
dankook,단국대학교(죽전),2023,법학과,84.6
dankook,단국대학교(죽전),2023,경제학과,83.45
dankook,단국대학교(죽전),2023,전자전기공학전공,84.73
dankook,단국대학교(죽전),2023,건축학전공 (5년제),87.05
dankook,단국대학교(죽전),2023,경영학부,84.45
dankook,단국대학교(죽전),2023,소프트웨어학과,86.0
dankook,단국대학교(죽전),2023,컴퓨터공학과,86.2
dankook,단국대학교(죽전),2023,과학교육과,85.13
dankook,단국대학교(죽전),2023,체육교육과,57.54
kookmin,국민대학교,2025,시각디자인학과,93.0
kookmin,국민대학교,2025,스포츠건강재활학과,91.5
kookmin,국민대학교,2025,전자공학부 지능형ICT융합전공,87.88
kookmin,국민대학교,2025,인공지능학부,81.83
kookmin,국민대학교,2025,응용화학부 나노소재전공,85.0
kookmin,국민대학교,2025,스포츠교육학과,67.0
kookmin,국민대학교,2025,소프트웨어학부,88.13
kookmin,국민대학교,2025,신소재공학부 전자화학재료전공,83.5
kookmin,국민대학교,2025,건축학부 (자연),88.75
kookmin,국민대학교,2025,한국어문학부 국어국문학전공,87.25
kookmin,국민대학교,2025,AI빅데이터융합경영학과 (인문),87.25
kookmin,국민대학교,2025,KMU international Business School,84.13
kookmin,국민대학교,2025,교육학과,84.67
kookmin,국민대학교,2025,경영학부,81.0
kookmin,국민대학교,2025,경영정보학부 (인문),83.83
kookmin,국민대학교,2025,기계재료공학과,83.5
kookmin,국민대학교,2025,지능형ICT융합학과,87.67
kookmin,국민대학교,2025,나노소재과학과,86.5
kookmin,국민대학교,2025,바이오의공학과,87.83
kookmin,국민대학교,2022,영상디자인학과 (비실기),94.67
kookmin,국민대학교,2022,공간디자인학과 (비실기),91.67
kookmin,국민대학교,2022,시각디자인학과,90.5
kookmin,국민대학교,2022,경영학부 빅데이터경영통계전공 (인문),90.33
kookmin,국민대학교,2022,미디어전공,83.17
kookmin,국민대학교,2022,광고홍보학,84.5
kookmin,국민대학교,2022,경영학부,84.5
kookmin,국민대학교,2022,회계학과,82.83
kookmin,국민대학교,2022,전자시스템공학부,85.67
kookmin,국민대학교,2022,자동차공학과,86.5
kookmin,국민대학교,2022,바이오의약학과,84.83
kookmin,국민대학교,2024,미디어학부,85.63
kookmin,국민대학교,2024,경영학과,86.5
kookmin,국민대학교,2024,경영정보학과,86.13
kookmin,국민대학교,2024,건설시스템공학과,86.75
kookmin,국민대학교,2024,인공지능학부,87.88
kookmin,국민대학교,2024,자동차공학과,88.75
kookmin,국민대학교,2024,공업디자인학과,89.0
kookmin,국민대학교,2024,시각디자인학과,93.0
kookmin,국민대학교,2024,공간디자인학과,89.33
kookmin,국민대학교,2024,영상디자인학과,90.0
kookmin,국민대학교,2024,행정학과,86.13
kookmin,국민대학교,2024,사회학과,85.75
kookmin,국민대학교,2024,경제학과,86.5
kookmin,국민대학교,2024,기계공학부,87.13
kookmin,국민대학교,2024,미래모빌리티학과,88.0
kookmin,국민대학교,2024,영어영문학부,85.88
kookmin,국민대학교,2024,법학부,86.5
kookmin,국민대학교,2024,건축학부 (자연),88.75
kookmin,국민대학교,2023,시각디자인학과,93.0
kookmin,국민대학교,2023,공업디자인학과,92.0
kookmin,국민대학교,2023,영상디자인학과,92.5
kookmin,국민대학교,2023,공간디자인학과,91.17
kookmin,국민대학교,2023,의상디자인학과,90.33
kookmin,국민대학교,2023,미디어광고학부,87.7
kookmin,국민대학교,2023,전자시스템공학부,87.6
kookmin,국민대학교,2023,인공지능학부,87.6
kookmin,국민대학교,2023,자동차공학과,87.35
kookmin,국민대학교,2023,경영학부,86.5
kookmin,국민대학교,2023,재무금융학과,86.9
kookmin,국민대학교,2023,미래모빌리티학과,88.15
kookmin,국민대학교,2023,소프트웨어학부,87.85
kookmin,국민대학교,2023,지능형반도체융합전자공학과,86.4
kookmin,국민대학교,2023,자동차IT융합학과,87.8
kookmin,국민대학교,2023,국제통상학과,86.6
kookmin,국민대학교,2023,정치외교학과,85.8
kookmin,국민대학교,2023,경제학과,85.7
kookmin,국민대학교,2023,행정학과,84.5
kookmin,국민대학교,2023,AI빅데이터융합경영학과,88.1
kookmin,국민대학교,2023,법학과,86.3
kookmin,국민대학교,2023,영어영문학부,85.2
kookmin,국민대학교,2023,건축학부,88.1
kookmin,국민대학교,2023,임산생명공학과,86.45
kw,광운대학교,2025,전자공학과,84.33
kw,광운대학교,2025,전자통신공학과,82.67
kw,광운대학교,2025,전자융합공학과,83.17
kw,광운대학교,2025,전기공학과,88.33
kw,광운대학교,2025,전자재료공학과,80.5
kw,광운대학교,2025,반도체시스템공학부 반도체시스템공학전공,82.33
kw,광운대학교,2025,컴퓨터정보공학부,82.5
kw,광운대학교,2025,소프트웨어학부,78.67
kw,광운대학교,2025,정보융합학부,84.17
kw,광운대학교,2025,로봇학부 AI로봇전공,80.67
kw,광운대학교,2025,로봇학부 정보제어·지능시스템전공,80.0
kw,광운대학교,2025,건축학과,81.0
kw,광운대학교,2025,건축공학과,81.17
kw,광운대학교,2025,화학공학과,81.0
kw,광운대학교,2025,환경공학과,80.5
kw,광운대학교,2025,수학과,76.17
kw,광운대학교,2025,전자바이오물리학과,72.67
kw,광운대학교,2025,화학과,79.33
kw,광운대학교,2025,국어국문학과,79.33
kw,광운대학교,2025,영어산업학과,78.0
kw,광운대학교,2025,미디어커뮤니케이션학부,79.67
kw,광운대학교,2025,산업심리학과,78.67
kw,광운대학교,2025,동북아문화산업학부,77.67
kw,광운대학교,2025,행정학과,79.17
kw,광운대학교,2025,법학부,80.67
kw,광운대학교,2025,국제학부,77.5
kw,광운대학교,2025,경영학부 경영학전공,83.0
kw,광운대학교,2025,경영학부 빅데이터경영전공,84.67
kw,광운대학교,2025,국제통상학부,81.5
kw,광운대학교,2025,자율전공학부(자연),80.5
kw,광운대학교,2025,자율전공학부(인문),80.5
kw,광운대학교,2024,전자공학과,81.7
kw,광운대학교,2024,수학과,77.8
kw,광운대학교,2024,미디어커뮤니케이션학부,83.8
kw,광운대학교,2024,경영학부,80.2
kw,광운대학교,2024,법학부,79.8
kw,광운대학교,2024,전자바이오물리학과,79.0
kw,광운대학교,2024,반도체시스템공학과,79.8
kw,광운대학교,2024,컴퓨터정보공학부,80.2
kw,광운대학교,2024,건축공학과,80.5
kw,광운대학교,2024,산업심리학과,79.7
kw,광운대학교,2024,전자융합공학과,81.0
kw,광운대학교,2024,로봇학부 AI로봇전공,81.7
kw,광운대학교,2024,화학과,77.8
kw,광운대학교,2024,국어국문학과,79.0
kw,광운대학교,2024,영어산업학과,79.5
kw,광운대학교,2024,동북아문화산업학부,80.0
kw,광운대학교,2024,국제통상학부,79.2
kw,광운대학교,2022,전자공학과,79.5
kw,광운대학교,2022,소프트웨어학부,80.33
kw,광운대학교,2022,로봇학부,79.0
kw,광운대학교,2022,컴퓨터정보공학부,79.8
kw,광운대학교,2022,전기공학과,76.8
kw,광운대학교,2022,화학공학과,79.3
kw,광운대학교,2022,미디어커뮤니케이션학부,80.0
kw,광운대학교,2022,경영학부,71.8
kw,광운대학교,2022,산업심리학과,79.0
kw,광운대학교,2022,전자통신공학과,78.0
kw,광운대학교,2022,건축공학과,78.0
kw,광운대학교,2022,국어국문학과,77.3
kw,광운대학교,2022,영어산업학과,78.3
kw,광운대학교,2022,법학부,78.8
kw,광운대학교,2022,국제학부,75.3
kw,광운대학교,2022,국제통상학부,71.0
kw,광운대학교,2023,법학부,83.8
kw,광운대학교,2023,미디어커뮤니케이션학부,83.8
kw,광운대학교,2023,산업심리학과,82.8
kw,광운대학교,2023,국어국문학과,82.8
kw,광운대학교,2023,건축공학과,82.0
kw,광운대학교,2023,전자공학과,82.5
kw,광운대학교,2023,소프트웨어학부,82.5
kw,광운대학교,2023,컴퓨터정보공학부,81.5
kw,광운대학교,2023,전기공학과,81.3
kw,광운대학교,2023,전자재료공학과,80.8
kw,광운대학교,2023,로봇학부,80.0
kw,광운대학교,2023,경영학부,78.8
smu,상명대학교,2025,휴먼지능정보공학과,88.0
smu,상명대학교,2025,경영학부,82.33
smu,상명대학교,2025,인문계열 평균,86.0
smu,상명대학교,2025,자연계열 평균,86.5
smu,상명대학교,2025,자유전공 (인문사회계열),81.68
smu,상명대학교,2025,자유전공 (경영경제계열),80.22
smu,상명대학교,2025,자유전공 (IT계열),83.17
smu,상명대학교,2025,자유전공 (이공계열),83.17
smu,상명대학교,2025,자유전공 (예체능계열),80.94
smu,상명대학교,2025,역사콘텐츠전공,80.83
smu,상명대학교,2025,지적재산권전공,81.56
smu,상명대학교,2025,문헌정보학전공,80.38
smu,상명대학교,2025,한일문화콘텐츠전공,80.0
smu,상명대학교,2025,공간환경학부,81.98
smu,상명대학교,2025,행정학부,81.0
smu,상명대학교,2025,가족복지학과,79.79
smu,상명대학교,2025,경제금융학부,81.67
smu,상명대학교,2025,글로벌경영학과,82.35
smu,상명대학교,2025,국어교육과,80.85
smu,상명대학교,2025,영어교육과,79.84
smu,상명대학교,2025,교육학과,81.44
smu,상명대학교,2025,수학교육과,84.87
smu,상명대학교,2025,휴먼지능정보공학전공,81.65
smu,상명대학교,2025,빅데이터융합전공,80.44
smu,상명대학교,2025,컴퓨터과학전공,83.2
smu,상명대학교,2025,전기공학전공,83.0
smu,상명대학교,2025,게임전공,82.54
smu,상명대학교,2025,생명공학전공,80.89
smu,상명대학교,2025,화학에너지공학전공,82.52
smu,상명대학교,2025,화공신소재전공,81.3
smu,상명대학교,2025,식품영양학전공,76.5
smu,상명대학교,2025,의류학전공,83.86
smu,상명대학교,2025,애니메이션전공,82.04
smu,상명대학교,2024,수학교육과,81.67
smu,상명대학교,2024,국가안보학과,78.1
smu,상명대학교,2024,사진영상미디어전공,89.4
smu,상명대학교,2024,AR·VR미디어디자인전공,93.8
smu,상명대학교,2024,건설시스템공학부,79.1
smu,상명대학교,2024,역사콘텐츠전공,78.67
smu,상명대학교,2024,공간환경학부,79.33
smu,상명대학교,2024,행정학부,79.33
smu,상명대학교,2024,경제금융학부,78.0
smu,상명대학교,2024,경영학부,77.0
smu,상명대학교,2024,영어교육과,79.67
smu,상명대학교,2024,컴퓨터과학전공,79.0
smu,상명대학교,2024,전기공학전공,80.33
smu,상명대학교,2024,생명공학전공,81.33
smu,상명대학교,2024,의류학전공,80.0
smu,상명대학교,2024,애니메이션전공,81.33
smu,상명대학교,2024,스포츠건강관리전공,80.5
smu,상명대학교,2023,컴퓨터과학전공,83.0
smu,상명대학교,2023,생명공학전공,84.33
smu,상명대학교,2023,화공신소재전공,84.33
smu,상명대학교,2023,전기공학전공,84.0
smu,상명대학교,2023,핀테크전공,82.0
smu,상명대학교,2023,글로벌경영전공,80.67
smu,상명대학교,2023,국어교육과,84.0
smu,상명대학교,2023,교육학과,82.67
smu,상명대학교,2023,지적재산권전공,80.33
smu,상명대학교,2023,경영학부,79.0
smu,상명대학교,2023,스포츠건강관리전공,78.5
smu,상명대학교,2023,생활예술전공,76.0
smu,상명대학교,2022,역사콘텐츠학과,79.67
smu,상명대학교,2022,문헌정보학과,78.33
smu,상명대학교,2022,행정학부,76.33
smu,상명대학교,2022,경제금융학부,78.33
smu,상명대학교,2022,경영학부,80.0
smu,상명대학교,2022,컴퓨터과학과,81.33
smu,상명대학교,2022,전기공학과,79.67
smu,상명대학교,2022,게임학과,78.0
smu,상명대학교,2022,화공신소재학과,80.33
smu,상명대학교,2022,애니메이션전공,78.0
smu,상명대학교,2022,국어교육과,82.67
smu,상명대학교,2022,교육학과,81.33
smu,상명대학교,2022,수학교육과,84.0
mju,명지대학교,2025,사회과학대학,74.0
mju,명지대학교,2025,자율전공학부(인문),87.3
mju,명지대학교,2025,화학·생명과학대학,79.0
mju,명지대학교,2025,스마트시스템공과대학,79.0
mju,명지대학교,2025,자율전공학부(자연),86.0
mju,명지대학교,2025,문예창작학과 운문,68.0
mju,명지대학교,2025,연극·영화전공(연극),95.0
mju,명지대학교,2025,건반음악전공,67.0
mju,명지대학교,2025,보컬뮤직전공(실용보컬),60.0
mju,명지대학교,2025,작곡전공,75.0
mju,명지대학교,2025,뮤지컬공연전공,76.0
mju,명지대학교,2025,스마트시스템공학과,78.0
mju,명지대학교,2025,반도체ICT학부,78.67
mju,명지대학교,2025,화학생명과학과,74.83
mju,명지대학교,2025,건축학부,82.0
mju,명지대학교,2025,자연과학계열 자유전공,68.0
mju,명지대학교,2025,자연계열 자유전공,78.67
mju,명지대학교,2024,반도체공학과,81.67
mju,명지대학교,2024,토목교통공학부,75.33
mju,명지대학교,2024,패션디자인전공,91.0
mju,명지대학교,2024,자연과학대학,77.0
mju,명지대학교,2024,융합소프트웨어학부,84.67
mju,명지대학교,2024,법학과,80.0
mju,명지대학교,2024,전기전자공학부,79.33
mju,명지대학교,2024,컴퓨터공학과,78.0
mju,명지대학교,2024,어문학부,79.33
mju,명지대학교,2024,미래사회인재학부,79.33
mju,명지대학교,2024,디지털미디어학과,81.67
mju,명지대학교,2024,공간디자인전공,80.33
mju,명지대학교,2024,경영대학,79.67
mju,명지대학교,2024,전공자유학부 (인문),80.67
mju,명지대학교,2023,자연과학대학,73.3
mju,명지대학교,2023,건축학부 (공간디자인),73.3
mju,명지대학교,2023,융합소프트웨어학부,84.67
mju,명지대학교,2023,패션디자인전공,91.0
mju,명지대학교,2023,경영대학,80.67
mju,명지대학교,2023,컴퓨터공학과,79.0
mju,명지대학교,2023,반도체공학과,79.67
mju,명지대학교,2023,법학과,79.67
mju,명지대학교,2023,어문학부,78.33
mju,명지대학교,2023,디지털미디어학과,79.33
mju,명지대학교,2023,인문학부,77.67
mju,명지대학교,2023,융합공학부,77.33
mju,명지대학교,2023,화공신소재환경공학부,77.0
mju,명지대학교,2026,건축대학,83.7
mju,명지대학교,2026,화학생명과학대학,77.7
mju,명지대학교,2026,반도체ICT대학,77.7
mju,명지대학교,2022,전기전자공학부,77.0
mju,명지대학교,2022,컴퓨터공학과,79.67
mju,명지대학교,2022,정보통신공학과,73.33
mju,명지대학교,2022,어문학부,75.67
mju,명지대학교,2022,인문학부,75.33
mju,명지대학교,2022,사회과학대학,77.33
mju,명지대학교,2022,자연과학대학,72.0
mju,명지대학교,2022,경영대학,79.33
mju,명지대학교,2022,법학과,78.67
mju,명지대학교,2022,융합소프트웨어학부,83.0
catholic,가톨릭대학교,2025,의예과,99.17
catholic,가톨릭대학교,2025,약학과,96.67
catholic,가톨릭대학교,2025,간호학과,89.0
catholic,가톨릭대학교,2025,경영학과,87.0
catholic,가톨릭대학교,2025,인문계열 평균,85.5
catholic,가톨릭대학교,2025,자연계열 평균,87.5
catholic,가톨릭대학교,2025,인문사회계열,79.33
catholic,가톨릭대학교,2025,생명건강과학계열,85.33
catholic,가톨릭대학교,2025,인공지능학과,82.67
catholic,가톨릭대학교,2025,특수교육과,79.33
catholic,가톨릭대학교,2025,자유전공학부,79.67
catholic,가톨릭대학교,2025,데이터사이언스학과,79.33
catholic,가톨릭대학교,2025,자연과학공학계열,79.67
catholic,가톨릭대학교,2025,바이오메디컬소프트웨어학과,82.0
catholic,가톨릭대학교,2024,의예과,99.7
catholic,가톨릭대학교,2024,인문계열,78.5
catholic,가톨릭대학교,2024,데이터사이언스학과,80.9
catholic,가톨릭대학교,2024,생활과학계열,80.7
catholic,가톨릭대학교,2024,바이오메디컬소프트웨어학과,81.6
catholic,가톨릭대학교,2024,어문계열,77.6
catholic,가톨릭대학교,2026,의예과,99.2
catholic,가톨릭대학교,2026,약학과,96.7
catholic,가톨릭대학교,2026,인문사회계열,79.3
catholic,가톨릭대학교,2026,데이터사이언스학과,79.3
catholic,가톨릭대학교,2026,특수교육과,79.3
catholic,가톨릭대학교,2023,의예과,99.5
catholic,가톨릭대학교,2023,약학과,96.83
catholic,가톨릭대학교,2023,간호학과 (자연),88.0
catholic,가톨릭대학교,2023,의생명과학과,85.33
kau,한국항공대학교,2025,항공우주및기계공학부,90.0
kau,한국항공대학교,2025,항공운항학과,92.0
kau,한국항공대학교,2025,전자및항공전자공학부,89.5
kau,한국항공대학교,2025,자연계열 평균,88.5
kau,한국항공대학교,2023,항공운항학과,90.67
kau,한국항공대학교,2023,공학계열,88.0
kau,한국항공대학교,2023,자유전공학부,83.5
kau,한국항공대학교,2023,항공우주·기계공학부,83.0
kau,한국항공대학교,2023,항공전자정보공학부,82.17
kau,한국항공대학교,2023,경영학부,80.67
gachon,가천대학교,2025,의예과,98.4
gachon,가천대학교,2025,약학과,96.8
gachon,가천대학교,2025,AI인공지능학과,87.0
gachon,가천대학교,2025,경영학과,84.5
gachon,가천대학교,2025,자연계열 평균,84.0
gachon,가천대학교,2025,한의예과,97.5
gachon,가천대학교,2025,컴퓨터공학과,85.4
gachon,가천대학교,2025,법학과,82.7
gachon,가천대학교,2025,간호학과,88.92
gachon,가천대학교,2025,유아교육학과,81.3
gachon,가천대학교,2025,클라우드공학과,90.95
gachon,가천대학교,2025,신소재공학과,81.4
gachon,가천대학교,2025,항공관광경영학과,82.6
gachon,가천대학교,2025,금융빅데이터학과,83.7
gachon,가천대학교,2025,경제학과,83.1
gachon,가천대학교,2025,응용통계학과,83.4
gachon,가천대학교,2025,AI인문대학,81.9
gachon,가천대학교,2025,도시계획조경학과,82.5
gachon,가천대학교,2025,화공배터리공학과,83.2
gachon,가천대학교,2025,생명과학과,83.6
gachon,가천대학교,2025,반도체물리학과,83.8
gachon,가천대학교,2025,전기공학과,83.7
gachon,가천대학교,2025,연기예술학과 (연출),74.4
gachon,가천대학교,2025,연기예술학과 (연기),66.0
gachon,가천대학교,2025,회계세무학과,84.5
gachon,가천대학교,2025,심리학과,83.0
gachon,가천대학교,2025,사회복지학과,82.5
gachon,가천대학교,2025,방사선학과,85.6
gachon,가천대학교,2025,물리치료학과,84.8
gachon,가천대학교,2023,한의예과,100.0
gachon,가천대학교,2023,연기예술학과 (연기),76.0
gachon,가천대학교,2023,간호학과,89.76
gachon,가천대학교,2023,유아교육학과,79.3
gachon,가천대학교,2023,디자인학과 (산업),90.8
gachon,가천대학교,2023,체육학부 (태권도),74.1
gachon,가천대학교,2023,의예과,98.98
gachon,가천대학교,2023,약학과,97.15
gachon,가천대학교,2023,컴퓨터공학과,87.76
gachon,가천대학교,2023,배터리공학과,86.26
gachon,가천대학교,2023,전기공학과,86.15
gachon,가천대학교,2023,연기예술학과(연출),85.0
gachon,가천대학교,2023,응용통계학과,82.95
gachon,가천대학교,2023,경찰행정학과,83.55
gachon,가천대학교,2023,관광경영학과,82.0
gachon,가천대학교,2023,전자공학과,86.87
gachon,가천대학교,2023,스마트팩토리학과,84.46
gachon,가천대학교,2023,화공생명공학과,85.74
gachon,가천대학교,2023,경영학부,82.95
gachon,가천대학교,2023,미디어커뮤니케이션학과,83.8
gachon,가천대학교,2023,기계공학과,84.98
gachon,가천대학교,2023,화학과,84.47
gachon,가천대학교,2023,소프트웨어전공,89.25
gachon,가천대학교,2023,인공지능학과,86.23
gachon,가천대학교,2023,자유전공학부,85.1
gachon,가천대학교,2023,물리치료학과,87.85
gachon,가천대학교,2023,디자인산업학과,89.5
gachon,가천대학교,2024,의예과,98.8
gachon,가천대학교,2024,한의예과,99.51
gachon,가천대학교,2024,약학과,96.85
gachon,가천대학교,2024,클라우드공학과,90.95
gachon,가천대학교,2024,소프트웨어학과,87.51
gachon,가천대학교,2024,간호학과,88.92
gachon,가천대학교,2024,행정학과,80.0
gachon,가천대학교,2024,디자인학과 (산업-기초소양평가),89.5
gachon,가천대학교,2022,경찰행정학과,85.29
gachon,가천대학교,2022,응용통계학과,83.19
gachon,가천대학교,2022,법학과,80.82
gachon,가천대학교,2022,경제학과,81.0
gachon,가천대학교,2022,컴퓨터공학과,87.49
gachon,가천대학교,2022,전기공학과,85.3
gachon,가천대학교,2022,의예과,98.58
gachon,가천대학교,2022,약학과,96.82
gachon,가천대학교,2022,간호학과,91.26
gachon,가천대학교,2022,스마트보안학과,85.38
gachon,가천대학교,2022,물리학과,81.93
gachon,가천대학교,2022,소프트웨어학과,88.75
gachon,가천대학교,2022,전자공학과,87.06
gachon,가천대학교,2022,기계공학과,84.76
gachon,가천대학교,2022,방사선학과,85.33
seoultech,서울과학기술대학교,2025,전자IT미디어공학과,88.5
seoultech,서울과학기술대학교,2025,컴퓨터공학과,89.0
seoultech,서울과학기술대학교,2025,경영학과,87.5
seoultech,서울과학기술대학교,2025,자연계열 평균,87.0
seoultech,서울과학기술대학교,2025,인문계열 평균,85.0
seoultech,서울과학기술대학교,2022,산업공학과-ITM전공 (인문),91.33
seoultech,서울과학기술대학교,2022,문예창작학과,89.5
seoultech,서울과학기술대학교,2022,산업공학과-ITM전공 (자연),88.0
seoultech,서울과학기술대학교,2022,경영학과-글로벌테크노경영전공,86.33
inu,인천대학교,2025,국어국문학과,85.4
inu,인천대학교,2025,영어영문학과,81.8
inu,인천대학교,2025,독어독문학과,68.0
inu,인천대학교,2025,불어불문학과,82.4
inu,인천대학교,2025,일본지역문화학과,82.1
inu,인천대학교,2025,중어중국학과,78.4
inu,인천대학교,2025,수학과,70.2
inu,인천대학교,2025,물리학과,74.0
inu,인천대학교,2025,자연과학대학 화학과,71.5
inu,인천대학교,2025,패션산업학과,76.1
inu,인천대학교,2025,해양학과,73.7
inu,인천대학교,2025,사회복지학과,79.0
inu,인천대학교,2025,미디어커뮤니케이션학과,83.0
inu,인천대학교,2025,문헌정보학과,83.4
inu,인천대학교,2025,창의인재개발학과,80.3
inu,인천대학교,2025,행정학과,78.1
inu,인천대학교,2025,정치외교학과,81.6
inu,인천대학교,2025,경제학과,77.9
inu,인천대학교,2025,무역학부,79.0
inu,인천대학교,2025,소비자학과,77.2
inu,인천대학교,2025,기계공학과,72.2
inu,인천대학교,2025,전기공학과,73.8
inu,인천대학교,2025,전자공학부,76.7
inu,인천대학교,2025,일반학생 산업경영공학과,69.2
inu,인천대학교,2025,신소재공학과,75.7
inu,인천대학교,2025,안전공학과,72.7
inu,인천대학교,2025,에너지화학공학과,75.7
inu,인천대학교,2025,바이오-로봇시스템공학과,78.5
inu,인천대학교,2025,컴퓨터공학부,78.5
inu,인천대학교,2025,정보기술대학 정보통신공학과,69.9
inu,인천대학교,2025,임베디드시스템공학과,77.3
inu,인천대학교,2025,경영학부,77.9
inu,인천대학교,2025,경영대학 데이터과학과,70.0
inu,인천대학교,2025,세무회계학과,82.4
inu,인천대학교,2025,한국화전공,61.5
inu,인천대학교,2025,디자인학부,88.0
inu,인천대학교,2025,스포츠과학부,75.2
inu,인천대학교,2025,운동건강학부,80.5
inu,인천대학교,2025,국어교육과,78.3
inu,인천대학교,2025,영어교육과,81.3
inu,인천대학교,2025,일어교육과,70.8
inu,인천대학교,2025,수학교육과,74.9
inu,인천대학교,2025,유아교육과,75.3
inu,인천대학교,2025,역사교육과,86.0
inu,인천대학교,2025,윤리교육과,79.0
inu,인천대학교,2025,도시행정학과,78.9
inu,인천대학교,2025,건설환경공학전공,73.4
inu,인천대학교,2025,도시과학대학 환경공학전공,66.0
inu,인천대학교,2025,도시공학과,72.2
inu,인천대학교,2025,도시건축학부,67.2
inu,인천대학교,2025,생명과학전공,76.8
inu,인천대학교,2025,생명과학 분자의생명전공,74.9
inu,인천대학교,2025,생명공학전공,84.1
inu,인천대학교,2025,나노바이오공학전공,70.7
inu,인천대학교,2025,융합자유전공 자유전공학부(인문),83.6
inu,인천대학교,2025,자유전공학부(자연),72.0
inu,인천대학교,2025,동북아국제통상전공,77.3
inu,인천대학교,2025,스마트물류공학전공,71.0
inu,인천대학교,2025,- 법학부,81.4
inu,인천대학교,2026,체육교육과,83.8
inu,인천대학교,2026,화학과,71.8
inu,인천대학교,2026,윤리교육과,85.9
inu,인천대학교,2026,동북아국제통상학부,85.1
inu,인천대학교,2026,경영학과,85.0
inu,인천대학교,2026,영어교육과,84.6
inu,인천대학교,2026,생명공학부,84.4
inu,인천대학교,2026,컴퓨터공학부,84.3
inu,인천대학교,2026,도시행정학과,83.9
inu,인천대학교,2026,전기공학과,83.5
inu,인천대학교,2026,기계공학과,83.4
inu,인천대학교,2023,국어교육과,80.2
inu,인천대학교,2023,체육교육과,81.3
inu,인천대학교,2023,문헌정보학과,76.5
inu,인천대학교,2023,경영학부,77.3
inu,인천대학교,2023,일본지역문화학과,77.0
inu,인천대학교,2023,전자공학과,77.5
inu,인천대학교,2023,신소재공학과,77.5
inu,인천대학교,2023,메카트로닉스공학과,78.2
inu,인천대학교,2023,생명공학부,77.0
inu,인천대학교,2023,기계공학과,75.2
inu,인천대학교,2023,컴퓨터공학과,79.5
inu,인천대학교,2023,수학과,76.7
inu,인천대학교,2023,화학과,75.8
inu,인천대학교,2023,정보통신공학과,77.3
inu,인천대학교,2023,동북아국제통상학부,79.7
inu,인천대학교,2023,도시행정학과,77.5
inu,인천대학교,2023,행정학과,78.5
inu,인천대학교,2023,무역학부,75.7
inu,인천대학교,2023,법학부,76.8
hanyang_erica,한양대학교(ERICA),2025,약학과,95.5
hanyang_erica,한양대학교(ERICA),2025,ICT융합학부,80.5
hanyang_erica,한양대학교(ERICA),2025,기계공학과,80.33
hanyang_erica,한양대학교(ERICA),2025,경영학부,85.0
hanyang_erica,한양대학교(ERICA),2025,자연계열 평균,84.0
hanyang_erica,한양대학교(ERICA),2025,건축학전공,81.0
hanyang_erica,한양대학교(ERICA),2025,건축공학전공,80.67
hanyang_erica,한양대학교(ERICA),2025,건설환경공학과,79.83
hanyang_erica,한양대학교(ERICA),2025,교통물류공학과,80.67
hanyang_erica,한양대학교(ERICA),2025,전자공학부,81.83
hanyang_erica,한양대학교(ERICA),2025,배터리소재화학공학과,83.0
hanyang_erica,한양대학교(ERICA),2025,산업경영공학과,81.33
hanyang_erica,한양대학교(ERICA),2025,로봇공학과,81.33
hanyang_erica,한양대학교(ERICA),2025,에너지바이오학과,79.5
hanyang_erica,한양대학교(ERICA),2025,해양융합공학과,80.17
hanyang_erica,한양대학교(ERICA),2025,컴퓨터학부,81.33
hanyang_erica,한양대학교(ERICA),2025,인공지능학과,81.33
hanyang_erica,한양대학교(ERICA),2025,수리데이터사이언스학과,77.33
hanyang_erica,한양대학교(ERICA),2025,신소재반도체공학전공,79.67
hanyang_erica,한양대학교(ERICA),2025,반도체디스플레이공학전공,81.0
hanyang_erica,한양대학교(ERICA),2025,바이오신약융합학부,81.17
hanyang_erica,한양대학교(ERICA),2025,분자의약전공,79.67
hanyang_erica,한양대학교(ERICA),2025,바이오나노공학전공,80.83
hanyang_erica,한양대학교(ERICA),2025,지능정보양자공학전공,79.33
hanyang_erica,한양대학교(ERICA),2025,글로벌문화통상학부,77.83
hanyang_erica,한양대학교(ERICA),2025,광고홍보학과,79.5
hanyang_erica,한양대학교(ERICA),2022,건축학전공,81.21
hanyang_erica,한양대학교(ERICA),2022,건설환경공학과,76.67
hanyang_erica,한양대학교(ERICA),2022,교통물류공학과,77.83
hanyang_erica,한양대학교(ERICA),2022,전자공학부,80.67
hanyang_erica,한양대학교(ERICA),2022,재료화학공학과,80.5
hanyang_erica,한양대학교(ERICA),2022,기계공학과,79.67
hanyang_erica,한양대학교(ERICA),2022,산업경영공학과,78.0
hanyang_erica,한양대학교(ERICA),2022,생명나노공학과,80.83
hanyang_erica,한양대학교(ERICA),2022,로봇공학과,80.0
hanyang_erica,한양대학교(ERICA),2022,컴퓨터학부,82.33
hanyang_erica,한양대학교(ERICA),2022,ICT융합학부,79.67
hanyang_erica,한양대학교(ERICA),2022,인공지능학과,81.33
hanyang_erica,한양대학교(ERICA),2022,약학과,96.33
hanyang_erica,한양대학교(ERICA),2022,수리데이터사이언스학과,77.0
hanyang_erica,한양대학교(ERICA),2022,응용물리학과,77.5
hanyang_erica,한양대학교(ERICA),2022,의약생명과학과,81.17
hanyang_erica,한양대학교(ERICA),2022,나노광전자학과,80.67
hanyang_erica,한양대학교(ERICA),2022,화학분자공학과,77.83
hanyang_erica,한양대학교(ERICA),2022,해양융합공학과,76.33
hanyang_erica,한양대학교(ERICA),2022,한국언어문학과,75.33
hanyang_erica,한양대학교(ERICA),2022,문화인류학과,75.17
hanyang_erica,한양대학교(ERICA),2022,문화콘텐츠학과,77.33
hanyang_erica,한양대학교(ERICA),2022,중국학과,73.83
hanyang_erica,한양대학교(ERICA),2022,일본학과,73.67
hanyang_erica,한양대학교(ERICA),2022,영미언어문화학과,74.5
hanyang_erica,한양대학교(ERICA),2022,프랑스학과,73.83
hanyang_erica,한양대학교(ERICA),2022,광고홍보학과,79.83
hanyang_erica,한양대학교(ERICA),2023,건축학전공,78.83
hanyang_erica,한양대학교(ERICA),2023,건축공학전공,79.67
hanyang_erica,한양대학교(ERICA),2023,건설환경공학과,78.5
hanyang_erica,한양대학교(ERICA),2023,교통물류공학과,77.33
hanyang_erica,한양대학교(ERICA),2023,전자공학부,82.5
hanyang_erica,한양대학교(ERICA),2023,재료화학공학과,81.0
hanyang_erica,한양대학교(ERICA),2023,기계공학과,80.17
hanyang_erica,한양대학교(ERICA),2023,산업경영공학과,78.17
hanyang_erica,한양대학교(ERICA),2023,생명나노공학과,80.83
hanyang_erica,한양대학교(ERICA),2023,로봇공학과,82.5
hanyang_erica,한양대학교(ERICA),2023,컴퓨터학부,82.33
hanyang_erica,한양대학교(ERICA),2023,ICT융합학부,81.5
hanyang_erica,한양대학교(ERICA),2023,인공지능학과,80.67
hanyang_erica,한양대학교(ERICA),2023,약학과,97.17
hanyang_erica,한양대학교(ERICA),2023,수리데이터사이언스학과,79.0
hanyang_erica,한양대학교(ERICA),2023,응용물리학과,80.67
hanyang_erica,한양대학교(ERICA),2023,의약생명과학과,81.5
hanyang_erica,한양대학교(ERICA),2023,나노광전자학과,79.5
hanyang_erica,한양대학교(ERICA),2023,화학분자공학과,80.0
hanyang_erica,한양대학교(ERICA),2023,해양융합공학과,79.33
hanyang_erica,한양대학교(ERICA),2023,한국언어문학과,77.83
hanyang_erica,한양대학교(ERICA),2023,문화인류학과,75.5
hanyang_erica,한양대학교(ERICA),2023,문화콘텐츠학과,79.33
hanyang_erica,한양대학교(ERICA),2023,중국학과,75.67
hanyang_erica,한양대학교(ERICA),2023,일본학과,74.5
hanyang_erica,한양대학교(ERICA),2023,영미언어문화학과,77.33
hanyang_erica,한양대학교(ERICA),2023,프랑스학과,75.67
hanyang_erica,한양대학교(ERICA),2023,광고홍보학과,79.5
hanyang_erica,한양대학교(ERICA),2024,건축학전공,80.83
hanyang_erica,한양대학교(ERICA),2024,건축공학전공,79.83
hanyang_erica,한양대학교(ERICA),2024,건설환경공학과,79.83
hanyang_erica,한양대학교(ERICA),2024,교통물류공학과,77.5
hanyang_erica,한양대학교(ERICA),2024,전자공학부,81.5
hanyang_erica,한양대학교(ERICA),2024,재료화학공학과,81.0
hanyang_erica,한양대학교(ERICA),2024,기계공학과,80.33
hanyang_erica,한양대학교(ERICA),2024,산업경영공학과,81.0
hanyang_erica,한양대학교(ERICA),2024,생명나노공학과,83.67
hanyang_erica,한양대학교(ERICA),2024,로봇공학과,80.83
hanyang_erica,한양대학교(ERICA),2024,컴퓨터학부,81.83
hanyang_erica,한양대학교(ERICA),2024,ICT융합학부,81.0
hanyang_erica,한양대학교(ERICA),2024,인공지능학과,81.83
hanyang_erica,한양대학교(ERICA),2024,약학과,97.17
hanyang_erica,한양대학교(ERICA),2024,수리데이터사이언스학과,80.67
hanyang_erica,한양대학교(ERICA),2024,응용물리학과,78.83
hanyang_erica,한양대학교(ERICA),2024,의약생명과학과,82.33
hanyang_erica,한양대학교(ERICA),2024,나노광전자학과,80.5
hanyang_erica,한양대학교(ERICA),2024,화학분자공학과,79.0
hanyang_erica,한양대학교(ERICA),2024,해양융합공학과,79.33
hanyang_erica,한양대학교(ERICA),2024,한국언어문학과,75.67
hanyang_erica,한양대학교(ERICA),2024,문화인류학과,77.5
hanyang_erica,한양대학교(ERICA),2024,문화콘텐츠학과,80.67
hanyang_erica,한양대학교(ERICA),2024,중국학과,77.0
hanyang_erica,한양대학교(ERICA),2024,일본학과,78.17
hanyang_erica,한양대학교(ERICA),2024,영미언어문화학과,77.83
hanyang_erica,한양대학교(ERICA),2024,프랑스학과,76.33
hanyang_erica,한양대학교(ERICA),2024,광고홍보학과,79.17
hanyang_erica,한양대학교(ERICA),2026,약학과,97.0
hanyang_erica,한양대학교(ERICA),2026,전자공학부 지능형클라우드전공,83.17
hanyang_erica,한양대학교(ERICA),2026,신소재반도체공학전공,83.0
hanyang_erica,한양대학교(ERICA),2026,분자의약전공,83.0
hanyang_erica,한양대학교(ERICA),2026,반도체디스플레이공학전공,82.67
hanyang_erica,한양대학교(ERICA),2026,산업경영공학과,82.5
hanyang_erica,한양대학교(ERICA),2026,인공지능학과,82.5
hanyang_erica,한양대학교(ERICA),2026,컴퓨터학부,82.33
pusan,부산대학교,2025,의예과,97.0
pusan,부산대학교,2025,의예과 (지역인재),97.41
pusan,부산대학교,2025,약학부,94.33
pusan,부산대학교,2025,한의학,96.17
pusan,부산대학교,2025,간호학과,82.5
pusan,부산대학교,2025,전자공학과,87.5
pusan,부산대학교,2025,기계공학과,84.0
pusan,부산대학교,2025,컴퓨터공학과,85.0
pusan,부산대학교,2025,인공지능학과,83.67
pusan,부산대학교,2024,의예과,98.0
pusan,부산대학교,2024,약학부,96.33
pusan,부산대학교,2024,치의학전문대학원,96.67
pusan,부산대학교,2024,한의학전문대학원,96.17
pusan,부산대학교,2024,화학공학과,89.5
pusan,부산대학교,2024,반도체공학과,88.0
pusan,부산대학교,2024,컴퓨터공학과,87.83
pusan,부산대학교,2024,의예과 (지역인재),98.51
pusan,부산대학교,2024,치의학전문대학원 (지역인재),96.88
pusan,부산대학교,2024,약학부 (지역인재),96.38
pusan,부산대학교,2024,의예과 (가군),96.83
pusan,부산대학교,2024,조경학과,66.0
pusan,부산대학교,2024,의예과 (나군),97.83
pusan,부산대학교,2024,식품공학과,70.17
pusan,부산대학교,2024,중어중문학과,79.83
pusan,부산대학교,2024,언어정보학과,73.0
pusan,부산대학교,2024,문헌정보학과,78.5
pusan,부산대학교,2024,통계학과,82.5
pusan,부산대학교,2024,미생물학과,80.5
pusan,부산대학교,2024,화공생명·환경공학부,89.5
pusan,부산대학교,2024,전기전자공학부 (반도체공학전공),88.0
pusan,부산대학교,2024,건축학과,82.67
pusan,부산대학교,2024,경영학과,84.33
pusan,부산대학교,2024,공공정책학부,82.17
pusan,부산대학교,2024,국어교육과,82.17
pusan,부산대학교,2024,영어교육과,82.5
pusan,부산대학교,2024,수학교육과,85.33
pusan,부산대학교,2024,생물교육과,84.83
pusan,부산대학교,2024,간호학과,82.83
pusan,부산대학교,2024,바이오소재과학과,74.67
pusan,부산대학교,2024,행정학과,82.0
pusan,부산대학교,2024,정치외교학과,81.5
pusan,부산대학교,2024,생명과학과,83.0
pusan,부산대학교,2024,기계공학부,84.17
pusan,부산대학교,2024,재료공학부,83.5
pusan,부산대학교,2024,항공우주공학과,83.33
pusan,부산대학교,2024,경제학부,83.67
pusan,부산대학교,2023,의예과,97.83
pusan,부산대학교,2023,치의학전문대학원,97.5
pusan,부산대학교,2023,한의학전문대학원,96.83
pusan,부산대학교,2023,약학부,94.17
pusan,부산대학교,2023,의예과 (지역인재),98.5
knu,경북대학교,2025,국어국문학과 가군,76.1
knu,경북대학교,2025,영어영문학과 나군,83.0
knu,경북대학교,2025,사학과 가군,78.6
knu,경북대학교,2025,철학과 가군,87.0
knu,경북대학교,2025,불어불문학과 가군,79.0
knu,경북대학교,2025,인문대학 독어독문학과 나군,83.2
knu,경북대학교,2025,중어중문학과 가군,84.0
knu,경북대학교,2025,고고인류학과 나군,83.0
knu,경북대학교,2025,일어일문학과 나군,85.0
knu,경북대학교,2025,한문학과 나군,75.6
knu,경북대학교,2025,노어노문학과 가군,77.0
knu,경북대학교,2025,정치외교학과 나군,86.4
knu,경북대학교,2025,사회학과 가군,79.0
knu,경북대학교,2025,지리학과 가군,79.5
knu,경북대학교,2025,사회과학대학 문헌 심 정 리 보 학 학 과 과 나 가 군 군,67.0
knu,경북대학교,2025,사회복지학부 나군,78.0
knu,경북대학교,2025,미디어커뮤니케이션학과 나군,84.0
knu,경북대학교,2025,사회과학대학 자율학부 가군,89.0
knu,경북대학교,2025,수학과 가군,70.6
knu,경북대학교,2025,물리학과 나군,70.0
knu,경북대학교,2025,화학과 나군,83.6
knu,경북대학교,2025,통계학과 나군,78.8
knu,경북대학교,2025,지구시스템과학부 가군,79.0
knu,경북대학교,2025,자연과학대학 자율학부 나군,78.2
knu,경북대학교,2025,경제통상학부 나군,85.0
knu,경북대학교,2025,경상대학 경영학부 가군,86.0
knu,경북대학교,2025,경상대학 자율학부 나군,88.1
knu,경북대학교,2025,금속재료공학과 나군,75.4
knu,경북대학교,2025,신소재공학과 나군,75.5
knu,경북대학교,2025,기계공학부 나군,74.8
knu,경북대학교,2025,건축학부(건축학전공) 가군,76.4
knu,경북대학교,2025,건축학부(건축공학전공) 나군,72.6
knu,경북대학교,2025,토목공학과 가군,77.9
knu,경북대학교,2025,공과대학 응용화학과 가군,72.0
knu,경북대학교,2025,화학공학과 가군,85.3
knu,경북대학교,2025,고분자공학과 가군,70.5
knu,경북대학교,2025,섬유시스템공학과 가군,75.8
knu,경북대학교,2025,환경공학과 나군,76.0
knu,경북대학교,2025,에너지공학부 가군,75.0
knu,경북대학교,2025,공과대학 자율학부 나군,77.6
knu,경북대학교,2025,전자공학부 가군,67.0
knu,경북대학교,2025,전자공학부(인공지능전공) 나군,70.2
knu,경북대학교,2025,컴퓨터학부 가군,84.0
knu,경북대학교,2025,컴퓨터학부(인공지능컴퓨팅전공) 가군,84.4
knu,경북대학교,2025,IT대학 컴퓨터학부(글로벌소프트웨어융합전공) 나군,82.0
knu,경북대학교,2025,전기공학과 나군,76.3
knu,경북대학교,2025,전자공학부 모바일공학전공 가군,92.0
knu,경북대학교,2025,IT대학 자율학부 나군,82.0
knu,경북대학교,2025,IT 첨단자율학부 가군,83.2
knu,경북대학교,2025,응용생명과학부 나군,82.0
knu,경북대학교,2025,식물의학과 나군,77.0
knu,경북대학교,2025,식품공학부 가군,71.6
knu,경북대학교,2025,산림과학ㆍ조경학부 가군,75.0
knu,경북대학교,2025,농업토목공학과 나군,70.5
knu,경북대학교,2025,스마트생물산업기계공학과 나군,75.2
knu,경북대학교,2025,식품자원경제학과 가군,84.4
knu,경북대학교,2025,농업생명과학대학 자율학부 나군,80.6
knu,경북대학교,2025,교육학과 나군,88.6
knu,경북대학교,2025,국어교육과 나군,89.9
knu,경북대학교,2025,영어교육과 가군,82.5
knu,경북대학교,2025,역사교육과 나군,86.7
knu,경북대학교,2025,지리교육과 나군,71.6
knu,경북대학교,2025,일반사회교육과 가군,74.7
knu,경북대학교,2025,물리교육과 가군,85.6
knu,경북대학교,2025,화학교육과 가군,76.5
knu,경북대학교,2025,가정교육과 가군,67.8
knu,경북대학교,2025,정보·컴퓨터교육과 가군,82.6
knu,경북대학교,2025,치과대학 치의예과 나군,96.0
knu,경북대학교,2025,수의과대학 수의예과 나군,75.0
knu,경북대학교,2025,아동학부 가군,70.0
knu,경북대학교,2025,생활과학대학 의류학과 나군,79.5
knu,경북대학교,2025,식품영양학과 나군,65.5
knu,경북대학교,2025,간호대학 간호학과 가군,85.3
knu,경북대학교,2025,약학대학 약학과 가군,78.0
knu,경북대학교,2025,행정학부 행정학부 나군,85.0
knu,경북대학교,2025,자율전공학부 자율전공학부 나군,67.0
knu,경북대학교,2025,공대농대 공학 첨단자율학부 가군,80.0
knu,경북대학교,2025,식물자원학과 가군,79.5
knu,경북대학교,2025,산림생태보호학과 가군,60.9
knu,경북대학교,2025,곤충생명과학과 나군,67.2
knu,경북대학교,2025,축산학과 나군,64.0
knu,경북대학교,2025,생태환경대학 동물생명공학과 가군,64.8
knu,경북대학교,2025,말/특수동물학과 나군,67.4
knu,경북대학교,2025,관광학과 가군,63.2
knu,경북대학교,2025,건설방재공학과 가군,64.2
knu,경북대학교,2025,환경안전공학과 가군,62.5
knu,경북대학교,2025,정밀기계공학과 가군,64.0
knu,경북대학교,2025,자동차공학부 나군,61.2
knu,경북대학교,2025,소프트웨어학과 가군,62.0
knu,경북대학교,2025,섬유패션디자인학부(섬유공학전공) 가군,63.2
knu,경북대학교,2025,위치정보시스템학과 나군,62.9
knu,경북대학교,2025,스마트플랜트공학과 나군,66.0
knu,경북대학교,2025,치위생학과 가군,72.0
knu,경북대학교,2025,자율미래인재학부 자율미래인재학부 나군,68.0
knu,경북대학교,2025,의예과,97.67
knu,경북대학교,2025,치의예과,96.98
knu,경북대학교,2025,수의예과,96.25
knu,경북대학교,2025,약학과,95.0
knu,경북대학교,2025,전자공학부 모바일공학전공,93.93
knu,경북대학교,2025,간호학과,86.17
knu,경북대학교,2025,화학공학과,85.05
knu,경북대학교,2025,IT첨단자율학부,85.33
knu,경북대학교,2024,의예과,98.5
knu,경북대학교,2024,치의예과,97.2
knu,경북대학교,2024,수의예과,95.5
knu,경북대학교,2024,약학과,96.37
knu,경북대학교,2024,전자공학부,87.67
knu,경북대학교,2024,첨단공학부,89.1
knu,경북대학교,2024,간호학과,85.53
knu,경북대학교,2024,수학교육과,85.36
knu,경북대학교,2024,화학공학과,85.53
knu,경북대학교,2024,동물생명과학과,39.25
knu,경북대학교,2024,식물자원학과,39.13
knu,경북대학교,2024,전자공학부 모바일공학전공,94.47
knu,경북대학교,2024,첨단신약개발학과,87.53
knu,경북대학교,2024,컴퓨터학부 (플랫폼소프트웨어),87.53
knu,경북대학교,2024,컴퓨터학부 (AI컴퓨팅),85.8
knu,경북대학교,2024,윤리교육과,83.43
knu,경북대학교,2024,음악학과,36.47
knu,경북대학교,2024,곤충생명과학과,44.57
jbnu,전북대학교,2025,의예과 (일반),96.0
jbnu,전북대학교,2025,의예과 (지역인재),96.0
jbnu,전북대학교,2025,약학과,94.25
jbnu,전북대학교,2025,치의예과,94.0
jbnu,전북대학교,2025,수의예과,93.5
jbnu,전북대학교,2025,치의예과 (지역인재),89.25
jbnu,전북대학교,2025,국어교육과,79.25
jbnu,전북대학교,2025,사회과교육부,75.0
jbnu,전북대학교,2023,의예과,98.2
jbnu,전북대학교,2023,수의예과,95.5
jbnu,전북대학교,2023,작물생명과학과,53.3
jbnu,전북대학교,2024,의예과,98.33
jbnu,전북대학교,2024,치의예과,98.0
jbnu,전북대학교,2024,의예과 (지역인재),97.5
jbnu,전북대학교,2024,약학과,97.33
jbnu,전북대학교,2024,수의예과,96.5
jbnu,전북대학교,2024,치의예과 (지역인재),94.5
jbnu,전북대학교,2024,역사교육과,78.33
jbnu,전북대학교,2024,생물교육과,77.83
jbnu,전북대학교,2024,작물생명과학과,57.8
jbnu,전북대학교,2024,스포츠과학과,35.8
wku,원광대학교,2025,의예과,97.5
wku,원광대학교,2025,치의예과,96.0
wku,원광대학교,2025,한의예과,95.5
wku,원광대학교,2025,약학과,93.5
wku,원광대학교,2024,한의예과 (자연),98.0
wku,원광대학교,2024,한의예과 (인문),97.25
yu,영남대학교,2025,의예과,97.5
yu,영남대학교,2025,약학과,93.5
kmu,계명대학교,2025,의예과,97.0
kmu,계명대학교,2025,약학과,93.0
chosun,조선대학교,2025,의예과,97.0
chosun,조선대학교,2025,치의예과,95.5
chosun,조선대학교,2025,약학과,93.0
donga,동아대학교,2025,의예과,97.0
donga,동아대학교,2025,약학과,92.5
sch,순천향대학교,2025,수능(일반학생전형)(가군) 화학과,88.0
sch,순천향대학교,2025,수능(일반학생전형)(가군) 환경보건학과,76.61
sch,순천향대학교,2025,수능(일반학생전형)(가군) 경영학과,97.0
sch,순천향대학교,2025,수능(일반학생전형)(가군) 경제금융학과,77.64
sch,순천향대학교,2025,수능(일반학생전형)(가군) 글로벌문화산업학과,76.49
sch,순천향대학교,2025,수능(일반학생전형)(가군) 정보통신공학과,78.19
sch,순천향대학교,2025,수능(일반학생전형)(가군) 전자공학과,79.76
sch,순천향대학교,2025,수능(일반학생전형)(가군) 미디어커뮤니케이션학과,79.61
sch,순천향대학교,2025,수능(일반학생전형)(가군) 스마트자동차학과,75.54
sch,순천향대학교,2025,수능(일반학생전형)(나군) 행정학과,76.9
sch,순천향대학교,2025,수능(일반학생전형)(나군) 경찰행정학과,82.53
sch,순천향대학교,2025,수능(일반학생전형)(나군) 국제통상학과,77.14
sch,순천향대학교,2025,수능(일반학생전형)(나군) IT금융경영학과,92.0
sch,순천향대학교,2025,수능(일반학생전형)(나군) 컴퓨터공학과,79.59
sch,순천향대학교,2025,수능(일반학생전형)(나군) 기계공학과,80.13
sch,순천향대학교,2025,수능(일반학생전형)(나군) AI·빅데이터학과,77.33
sch,순천향대학교,2025,수능(일반학생전형)(나군) 의료생명공학과,80.44
sch,순천향대학교,2025,수능(일반학생전형)(나군) 임상병리학과,86.85
sch,순천향대학교,2025,수능(일반학생전형)(나군) 의공학과,77.36
sch,순천향대학교,2025,수능(일반학생전형)(나군) 한국문화콘텐츠학과,76.96
sch,순천향대학교,2025,수능(일반학생전형)(나군) 중국학과,73.79
sch,순천향대학교,2025,수능(일반학생전형)(나군) 에너지공학과,76.44
sch,순천향대학교,2025,수능(일반학생전형)(다군) 간호학과,85.58
sch,순천향대학교,2025,수능(일반학생전형)(다군) 식품영양학과,77.33
sch,순천향대학교,2025,수능(일반학생전형)(다군) 특수교육과,78.86
sch,순천향대학교,2025,수능(일반학생전형)(다군) 청소년교육·상담학과,84.0
sch,순천향대학교,2025,수능(일반학생전형)(다군) 법학과,79.42
sch,순천향대학교,2025,수능(일반학생전형)(다군) 사회복지학과,76.69
sch,순천향대학교,2025,수능(일반학생전형)(다군) 관광경영학과,77.37
sch,순천향대학교,2025,수능(일반학생전형)(다군) 회계학과,78.51
sch,순천향대학교,2025,수능(일반학생전형)(다군) 전기공학과,79.37
sch,순천향대학교,2025,수능(일반학생전형)(다군) 전자정보공학과,90.0
sch,순천향대학교,2025,수능(일반학생전형)(다군) 나노화학공학과,79.07
sch,순천향대학교,2025,수능(일반학생전형)(다군) 에너지환경공학과,85.0
sch,순천향대학교,2025,수능(일반학생전형)(다군) 디스플레이신소재공학과,77.76
sch,순천향대학교,2025,수능(일반학생전형)(다군) 컴퓨터소프트웨어공학과,93.0
sch,순천향대학교,2025,수능(일반학생전형)(다군) 의료IT공학과,79.78
sch,순천향대학교,2025,수능(일반학생전형)(다군) 사물인터넷학과,72.0
sch,순천향대학교,2025,수능(일반학생전형)(다군) 메타버스&게임학과,76.37
sch,순천향대학교,2025,수능(일반학생전형)(다군) 의약공학과,82.0
sch,순천향대학교,2025,수능(일반학생전형)(다군) 영미학과,77.71
sch,순천향대학교,2025,수능(일반학생전형)(다군) 건축학과(,64.0
sch,순천향대학교,2025,수능(일반학생전형)(다군) 탄소중립학과,84.0
sch,순천향대학교,2025,수능(일반학생전형)(다군) 의생명융합학부(헬스케어융합전공),98.0
sch,순천향대학교,2025,수능(일반학생전형)(다군) 의생명융합학부(바이오의약전공),81.08
sch,순천향대학교,2025,수능(지역인재전형)(다군) 의예과,65.79
sch,순천향대학교,2025,스포츠의학과,70.88
sch,순천향대학교,2025,디지털애니메이션학과,66.86
kosin,고신대학교,2025,의예과,97.0
eulji,을지대학교,2025,의예과,97.0
cha,차의과학대학교,2025,의예과,97.5
cha,차의과학대학교,2025,약학과,94.0
ulsan,울산대학교,2025,의예과,98.5
unist,UNIST,2025,도전탐색과정 (전체),95.5
gist,GIST,2025,도전탐색과정,95.5
dgist,DGIST,2025,기초학부,95.0
cnu,충남대학교,2025,의예과,97.5
cnu,충남대학교,2025,수의예과,95.5
cnu,충남대학교,2025,약학과,94.5
jnu,전남대학교,2025,광주캠퍼스정시모집(가)군가군수능(일반) 경영대학 경영학부,61.0
jnu,전남대학교,2025,광주캠퍼스정시모집(가)군가군수능(일반) 공과대학 건축학부,80.0
jnu,전남대학교,2025,광주캠퍼스정시모집(가)군가군수능(일반) 공과대학 에너지자원공학과,70.0
jnu,전남대학교,2025,광주캠퍼스정시모집(가)군가군수능(일반) 공과대학 기계공학부,68.0
jnu,전남대학교,2025,광주캠퍼스정시모집(가)군가군수능(일반) 공과대학 신소재공학부,82.0
jnu,전남대학교,2025,광주캠퍼스정시모집(가)군가군수능(일반) 공과대학 전자컴퓨터공학부,77.0
jnu,전남대학교,2025,광주캠퍼스정시모집(가)군가군수능(일반) 공과대학 고분자융합소재공학부,72.0
jnu,전남대학교,2025,광주캠퍼스정시모집(가)군가군수능(일반) 공과대학 전기공학과,63.0
jnu,전남대학교,2025,광주캠퍼스정시모집(가)군가군수능(일반) 공과대학 생물공학과,79.0
jnu,전남대학교,2025,광주캠퍼스정시모집(가)군가군수능(일반) 농생대학 산림자원학과,70.0
jnu,전남대학교,2025,광주캠퍼스정시모집(가)군가군수능(일반) 농생대학 임산공학과,65.0
jnu,전남대학교,2025,광주캠퍼스정시모집(가)군가군수능(일반) 농생대학 농생명화학과,72.0
jnu,전남대학교,2025,광주캠퍼스정시모집(가)군가군수능(일반) 농생대학 식품공학과,72.0
jnu,전남대학교,2025,광주캠퍼스정시모집(가)군가군수능(일반) 농생대학 분자생명공학과,73.1113
jnu,전남대학교,2025,광주캠퍼스정시모집(가)군가군수능(일반) 농생대학 바이오에너지공학과,70.0
jnu,전남대학교,2025,광주캠퍼스정시모집(가)군가군수능(일반) 농생대학 농업경제학과,77.0
jnu,전남대학교,2025,광주캠퍼스정시모집(가)군가군수능(일반) 농생대학 융합바이오시스템기계공학과,67.0
jnu,전남대학교,2025,광주캠퍼스정시모집(가)군가군수능(일반) 사범대학 국어교육과,88.0
jnu,전남대학교,2025,광주캠퍼스정시모집(가)군가군수능(일반) 사범대학 교육학과,68.0563
jnu,전남대학교,2025,광주캠퍼스정시모집(가)군가군수능(일반) 사범대학 지리교육과,80.0
jnu,전남대학교,2025,광주캠퍼스정시모집(가)군가군수능(일반) 사범대학 수학교육과,83.0
jnu,전남대학교,2025,광주캠퍼스정시모집(가)군가군수능(일반) 사범대학 물리교육과,73.6673
jnu,전남대학교,2025,광주캠퍼스정시모집(가)군가군수능(일반) 사범대학 지구과학교육과,77.2223
jnu,전남대학교,2025,광주캠퍼스정시모집(가)군가군수능(일반) 사범대학 가정교육과,65.2783
jnu,전남대학교,2025,광주캠퍼스정시모집(가)군가군수능(일반) 사범대학 특수교육학부,72.0
jnu,전남대학교,2025,광주캠퍼스정시모집(가)군가군수능(일반) 사회대학 사회학과,79.0
jnu,전남대학교,2025,광주캠퍼스정시모집(가)군가군수능(일반) 사회대학 미디어커뮤니케이션학과,79.0
jnu,전남대학교,2025,광주캠퍼스정시모집(가)군가군수능(일반) 사회대학 문화인류고고학과,72.0
jnu,전남대학교,2025,광주캠퍼스정시모집(가)군가군수능(일반) 사회대학 행정학과,78.0
jnu,전남대학교,2025,광주캠퍼스정시모집(가)군가군수능(일반) 생활대학 생활복지학과,60.0
jnu,전남대학교,2025,광주캠퍼스정시모집(가)군가군수능(일반) 생활대학 의류학과,72.0
jnu,전남대학교,2025,여수캠퍼스정시모집(가)군가군수능(일반) 수산해양대학 수산생명의학과,60.0
jnu,전남대학교,2025,여수캠퍼스정시모집(가)군가군수능(일반) 수산해양대학 스마트수산자원관리학과,95.0
jnu,전남대학교,2025,광주캠퍼스정시모집(가)군가군수능(일반) 의과대학 의학과,98.0
jnu,전남대학교,2025,광주캠퍼스정시모집(가)군가군수능(일반) 인문대학 영어영문학과,68.0
jnu,전남대학교,2025,광주캠퍼스정시모집(가)군가군수능(일반) 인문대학 독일언어문학과,83.0
jnu,전남대학교,2025,광주캠퍼스정시모집(가)군가군수능(일반) 인문대학 중어중문학과,83.0
jnu,전남대학교,2025,광주캠퍼스정시모집(가)군가군수능(일반) 인문대학 철학과,74.0
jnu,전남대학교,2025,광주캠퍼스정시모집(가)군가군수능(일반) 자연대학 통계학과,65.0
jnu,전남대학교,2025,광주캠퍼스정시모집(가)군가군수능(일반) 자연대학 화학과,74.0
jnu,전남대학교,2025,광주캠퍼스정시모집(가)군가군수능(일반) 자연대학 생명과학기술학부,68.0
jnu,전남대학교,2025,광주캠퍼스정시모집(가)군가군수능(일반) AI융합대학 인공지능학부,70.0
jnu,전남대학교,2025,광주캠퍼스정시모집(가)군가군수능(일반) 본부직할 자율전공학부(,79.0
jnu,전남대학교,2025,광주캠퍼스정시모집(가)군가군수능(일반) 치의학전문대학원치의학과(학·석사통합과정),98.0
jnu,전남대학교,2025,광주캠퍼스정시모집(가)군가군수능(지역인재) 간호대학 간호학과,85.0
jnu,전남대학교,2025,광주캠퍼스정시모집(가)군가군수능(지역인재) 의과대학 의학과,98.0
jnu,전남대학교,2025,광주캠퍼스정시모집(가)군가군수능(지역인재) 치의학전문대학원치의학과(학·석사통합과정),96.0
jnu,전남대학교,2025,광주캠퍼스정시모집(나)군나군수능(일반) 경영대학 경제학부,75.0
jnu,전남대학교,2025,광주캠퍼스정시모집(나)군나군수능(일반) 공과대학 토목공학과,77.0
jnu,전남대학교,2025,광주캠퍼스정시모집(나)군나군수능(일반) 공과대학 환경에너지공학과,82.0
jnu,전남대학교,2025,광주캠퍼스정시모집(나)군나군수능(일반) 공과대학 화학공학부,64.0
jnu,전남대학교,2025,광주캠퍼스정시모집(나)군나군수능(일반) 공과대학 산업공학과,75.0
jnu,전남대학교,2025,광주캠퍼스정시모집(나)군나군수능(일반) 농생대학 응용식물학과,72.0
jnu,전남대학교,2025,광주캠퍼스정시모집(나)군나군수능(일반) 농생대학 원예생명공학과,70.0
jnu,전남대학교,2025,광주캠퍼스정시모집(나)군나군수능(일반) 농생대학 응용생물학과,68.0
jnu,전남대학교,2025,광주캠퍼스정시모집(나)군나군수능(일반) 농생대학 조경학과,74.0
jnu,전남대학교,2025,광주캠퍼스정시모집(나)군나군수능(일반) 농생대학 동물자원학부,61.0
jnu,전남대학교,2025,광주캠퍼스정시모집(나)군나군수능(일반) 농생대학 지역·바이오시스템공학과,70.0
jnu,전남대학교,2025,광주캠퍼스정시모집(나)군나군수능(일반) 사범대학 영어교육과,69.0
jnu,전남대학교,2025,광주캠퍼스정시모집(나)군나군수능(일반) 사범대학 유아교육과,85.0
jnu,전남대학교,2025,광주캠퍼스정시모집(나)군나군수능(일반) 사범대학 역사교육과,85.0
jnu,전남대학교,2025,광주캠퍼스정시모집(나)군나군수능(일반) 사범대학 윤리교육과,77.6673
jnu,전남대학교,2025,광주캠퍼스정시모집(나)군나군수능(일반) 사범대학 화학교육과,74.0
jnu,전남대학교,2025,광주캠퍼스정시모집(나)군나군수능(일반) 사범대학 생물교육과,75.0
jnu,전남대학교,2025,광주캠퍼스정시모집(나)군나군수능(일반) 사범대학 음악교육과,67.0
jnu,전남대학교,2025,광주캠퍼스정시모집(나)군나군수능(일반) 사회대학 정치외교학과,79.0
jnu,전남대학교,2025,광주캠퍼스정시모집(나)군나군수능(일반) 사회대학 심리학과,83.0
jnu,전남대학교,2025,광주캠퍼스정시모집(나)군나군수능(일반) 사회대학 문헌정보학과,80.0
jnu,전남대학교,2025,광주캠퍼스정시모집(나)군나군수능(일반) 사회대학 지리학과,77.0
jnu,전남대학교,2025,광주캠퍼스정시모집(나)군나군수능(일반) 생활대학 식품영양과학부,79.0
jnu,전남대학교,2025,광주캠퍼스정시모집(나)군나군수능(일반) 수의대학 수의예과,97.0
jnu,전남대학교,2025,여수캠퍼스정시모집(나)군나군수능(일반) 수산해양대학 기관시스템공학과,63.0
jnu,전남대학교,2025,광주캠퍼스정시모집(나)군나군수능(일반) 약학대학 약학부,95.0
jnu,전남대학교,2025,광주캠퍼스정시모집(나)군나군수능(일반) 인문대학 국어국문학과,77.0
jnu,전남대학교,2025,광주캠퍼스정시모집(나)군나군수능(일반) 인문대학 불어불문학과,74.0
jnu,전남대학교,2025,광주캠퍼스정시모집(나)군나군수능(일반) 인문대학 일어일문학과,74.0
jnu,전남대학교,2025,광주캠퍼스정시모집(나)군나군수능(일반) 인문대학 사학과,63.0
jnu,전남대학교,2025,광주캠퍼스정시모집(나)군나군수능(일반) 자연대학 수학과,65.0
jnu,전남대학교,2025,광주캠퍼스정시모집(나)군나군수능(일반) 자연대학 물리학과,70.0
jnu,전남대학교,2025,광주캠퍼스정시모집(나)군나군수능(일반) 자연대학 지구환경과학부,76.0
jnu,전남대학교,2025,광주캠퍼스정시모집(나)군나군수능(일반) 자연대학 생물학과,72.0
jnu,전남대학교,2025,광주캠퍼스정시모집(나)군나군수능(일반) AI융합대학 미래모빌리티학과,68.0
jnu,전남대학교,2025,광주캠퍼스정시모집(나)군나군수능(일반) AI융합대학 빅데이터융합학과,68.0
jnu,전남대학교,2025,여수캠퍼스정시모집(나)군나군수능(일반) 학무본부직할 창의융합학부,74.0
jnu,전남대학교,2025,광주캠퍼스정시모집(나)군나군수능(지역인재) 약학대학 약학부,93.0
jnu,전남대학교,2025,여수캠퍼스정시모집(다)군다군수능(일반) 공학대학 공학계열,62.0
jnu,전남대학교,2025,여수캠퍼스정시모집(다)군다군수능(일반) 공학대학 의공학부,85.0
jnu,전남대학교,2025,여수캠퍼스정시모집(다)군다군수능(일반) 공학대학 석유화학소재공학과,64.656655
jnu,전남대학교,2025,여수캠퍼스정시모집(다)군다군수능(일반) 문화사회대학 국제학부(일본학전공),60.7783
jnu,전남대학교,2024,의예과,97.67
jnu,전남대학교,2024,냉동공조공학과,34.83
jnu,전남대학교,2024,수의예과,95.5
jnu,전남대학교,2024,스마트수산자원관리학과,27.83
jnu,전남대학교,2024,융합바이오시스템기계공학과,51.83
jnu,전남대학교,2024,헬스케어메디컬공학부,32.0
jnu,전남대학교,2024,간호학과,83.17
jnu,전남대학교,2024,건축학부,80.67
jnu,전남대학교,2024,전자컴퓨터공학과,81.33
jnu,전남대학교,2024,전기공학과,90.17
jnu,전남대학교,2024,국어교육과,81.33
jnu,전남대학교,2024,수학교육과,79.83
jnu,전남대학교,2024,행정학과,72.83
jnu,전남대학교,2024,영어영문학과,70.5
jnu,전남대학교,2024,통계학과,77.0
jnu,전남대학교,2024,인공지능학부,77.0
jnu,전남대학교,2024,치의학과,97.5
jnu,전남대학교,2024,경제학부,71.5
jnu,전남대학교,2024,토목공학과,78.5
jnu,전남대학교,2024,조경학과,72.17
jnu,전남대학교,2024,역사교육과,75.5
jnu,전남대학교,2024,약학부,95.83
jnu,전남대학교,2024,수학과,73.17
chungbuk,충북대학교,2025,인문대학 국어국문학과 인문,60.6
chungbuk,충북대학교,2025,중어중문학과 인문,62.07
chungbuk,충북대학교,2025,영어영문학과 인문,60.67
chungbuk,충북대학교,2025,독일언어문화학과 인문,60.71
chungbuk,충북대학교,2025,프랑스언어문화학과 인문,85.0
chungbuk,충북대학교,2025,러시아언어문화학과 인문,66.0
chungbuk,충북대학교,2025,철학과 인문,60.75
chungbuk,충북대학교,2025,사학과 인문,67.0
chungbuk,충북대학교,2025,고고미술사학과 인문,61.0
chungbuk,충북대학교,2025,사회과학대학 사회학과 인문,61.92
chungbuk,충북대학교,2025,심리학과 인문,60.0
chungbuk,충북대학교,2025,행정학과 인문,60.38
chungbuk,충북대학교,2025,정치외교학과 인문,63.14
chungbuk,충북대학교,2025,경제학과 인문,60.9
chungbuk,충북대학교,2025,자연과학대학 수학과 자연,66.0
chungbuk,충북대학교,2025,물리학과 자연,64.0
chungbuk,충북대학교,2025,천문우주학과 자연,66.0
chungbuk,충북대학교,2025,경영대학 경영학부 인문,61.92
chungbuk,충북대학교,2025,국제경영학과 인문,60.59
chungbuk,충북대학교,2025,경영정보학과 인문,60.95
chungbuk,충북대학교,2025,기계공학부 자연,97.0
chungbuk,충북대학교,2025,공업화학과 자연,60.0
chungbuk,충북대학교,2025,전자정보대학 전기공학부 자연,60.56
chungbuk,충북대학교,2025,전자정보자율전공학부 자연,86.0
chungbuk,충북대학교,2025,농업생명환경대학 식물자원학과 자연,60.3
chungbuk,충북대학교,2025,축산학과 자연,99.5
chungbuk,충북대학교,2025,산림학과 자연,62.88
chungbuk,충북대학교,2025,지역건설공학과 자연,61.36
chungbuk,충북대학교,2025,환경생명화학과 자연,60.0
chungbuk,충북대학교,2025,특용식물학과 자연,60.6
chungbuk,충북대학교,2025,원예과학과 자연,60.4
chungbuk,충북대학교,2025,바이오시스템공학과 자연,60.5
chungbuk,충북대학교,2025,식물의학과 자연,62.0
chungbuk,충북대학교,2025,식품생명공학과 자연,62.5
chungbuk,충북대학교,2025,목재·종이과학과 자연,60.5
chungbuk,충북대학교,2025,농업경제학과 인문,64.0
chungbuk,충북대학교,2025,사범대학 교육학과 인문,62.0
chungbuk,충북대학교,2025,국어교육과 인문,61.67
chungbuk,충북대학교,2025,영어교육과 인문,62.38
chungbuk,충북대학교,2025,역사교육과 인문,61.83
chungbuk,충북대학교,2025,지리교육과 인문,63.83
chungbuk,충북대학교,2025,사회교육과 인문,63.0
chungbuk,충북대학교,2025,윤리교육과 인문,65.5
chungbuk,충북대학교,2025,생물교육과 자연,60.33
chungbuk,충북대학교,2025,지구과학교육과 자연,63.17
chungbuk,충북대학교,2025,생활과학대학 식품영양학과 자연,66.0
chungbuk,충북대학교,2025,의류학과 자연,75.0
chungbuk,충북대학교,2025,주거환경학과 자연,61.25
chungbuk,충북대학교,2025,소비자학과 인문,64.67
chungbuk,충북대학교,2025,수의과대학 수의예과 자연,66.82
chungbuk,충북대학교,2025,약학대학 약학과 자연,60.0
chungbuk,충북대학교,2025,제약학과 자연,64.0
chungbuk,충북대학교,2025,의과대학 의예과 자연,65.84
chungbuk,충북대학교,2025,간호학과 자연,63.17
chungbuk,충북대학교,2025,융합학과군 조형예술학과(동양화) 예체능,94.2
chungbuk,충북대학교,2025,조형예술학과(서양화) 예체능,97.8
chungbuk,충북대학교,2025,조형예술학과(조소) 예체능,85.0
chungbuk,충북대학교,2025,디자인학과 예체능,74.5
chungbuk,충북대학교,2025,본부직할 인문사회자율전공계열 인문,61.08
chungbuk,충북대학교,2025,자연과학자율전공계열 자연,61.5
chungbuk,충북대학교,2025,바이오헬스학부 자연,89.0
gnu,경상국립대학교,2025,사학과 일반,61.0
gnu,경상국립대학교,2025,철학과 일반,94.0
gnu,경상국립대학교,2025,경제학부 일반,86.0
gnu,경상국립대학교,2025,사회복지학부 일반,92.0
gnu,경상국립대학교,2025,생명과학부 일반,87.0
gnu,경상국립대학교,2025,경영대학 나군 국제통상학과 일반,82.0
gnu,경상국립대학교,2025,회계세무학부 일반,99.0
gnu,경상국립대학교,2025,기계공학부 일반,67.0
gnu,경상국립대학교,2025,나노신소재공학부 고분자공학전공 일반,61.0
gnu,경상국립대학교,2025,원예과학부 일반,72.0
gnu,경상국립대학교,2025,환경생명화학과 일반,72.0
gnu,경상국립대학교,2025,법과대학 가군 법학부 일반,99.0
gnu,경상국립대학교,2025,화학교육과 일반,63.0
gnu,경상국립대학교,2025,수의과대학 가군 수의예과 일반,92.0
gnu,경상국립대학교,2025,스마트에너지기계공학과 일반,79.0
gnu,경상국립대학교,2025,본부대학 가군 휴먼헬스케어학과 일반,82.0
gnu,경상국립대학교,2025,민속예술무용학과 일반,80.5
gnu,경상국립대학교,2025,인문대학 나군 사학과 일반,99.69
gnu,경상국립대학교,2025,영어영문학부 영어영문학전공 일반,97.92
gnu,경상국립대학교,2025,경영학부 일반,68.5
gnu,경상국립대학교,2025,도시공학과 일반,60.11
gnu,경상국립대학교,2025,화학공학과 일반,60.0
gnu,경상국립대학교,2025,우주항공대학 나군 항공우주공학부 일반,60.78
gnu,경상국립대학교,2025,교육학과 일반,60.1
gnu,경상국립대학교,2025,미술교육과 일반,77.71
gnu,경상국립대학교,2025,생물교육과 일반,61.5
gnu,경상국립대학교,2025,수학교육과 일반,61.17
gnu,경상국립대학교,2025,역사교육과 일반,61.06
gnu,경상국립대학교,2025,윤리교육과 일반,64.7
gnu,경상국립대학교,2025,음악교육과 일반,61.0
gnu,경상국립대학교,2025,일반사회교육과 일반,60.92
gnu,경상국립대학교,2025,지리교육과 일반,60.38
gnu,경상국립대학교,2025,디자인비즈니스학과 일반,88.0
gnu,경상국립대학교,2025,기계시스템공학과 일반,64.0
gnu,경상국립대학교,2025,조선해양공학과 일반,98.0
gnu,경상국립대학교,2025,해양과학대학 다군 해양생명과학과 일반,96.2
gnu,경상국립대학교,2025,해양수산경영학과 일반,94.25
gnu,경상국립대학교,2025,해양식품생명의학부 일반,96.6
gnu,경상국립대학교,2025,해양토목공학과 일반,96.25
gnu,경상국립대학교,2025,해양환경공학과 일반,95.89
gnu,경상국립대학교,2025,인문사회자율전공 일반,97.67
gnu,경상국립대학교,2025,자연과학자율전공 일반,87.33
gnu,경상국립대학교,2025,국어국문학과 일반,72.67
gnu,경상국립대학교,2025,독어독문학과 일반,67.5
gnu,경상국립대학교,2025,러시아학과 일반,60.71
gnu,경상국립대학교,2025,불어불문학과 일반,62.5
gnu,경상국립대학교,2025,영어영문학부 영어전공 일반,67.18
gnu,경상국립대학교,2025,중어중문학과 일반,64.69
gnu,경상국립대학교,2025,한문학과 일반,62.9
gnu,경상국립대학교,2025,미디어커뮤니케이션학과 일반,70.75
gnu,경상국립대학교,2025,사회학과 일반,67.67
gnu,경상국립대학교,2025,심리학과 일반,71.3
gnu,경상국립대학교,2025,아동가족학과 일반,63.38
gnu,경상국립대학교,2025,정치외교학과 일반,78.0
gnu,경상국립대학교,2025,행정학과 일반,62.8
gnu,경상국립대학교,2025,수학물리학부 일반,66.0
gnu,경상국립대학교,2025,식품영양학과 일반,61.5
gnu,경상국립대학교,2025,의류학과 일반,66.25
gnu,경상국립대학교,2025,자연과학대학 나군 정보통계학과 일반,72.69
gnu,경상국립대학교,2025,제약공학과 일반,75.0
gnu,경상국립대학교,2025,항노화신소재과학과 일반,65.63
gnu,경상국립대학교,2025,경영정보학과 일반,61.56
gnu,경상국립대학교,2025,스마트유통물류학과 일반,68.56
gnu,경상국립대학교,2025,건축공학부 일반,67.89
gnu,경상국립대학교,2025,건축학과 일반,68.54
gnu,경상국립대학교,2025,기계융합공학과 일반,63.2
gnu,경상국립대학교,2025,나노신소재공학부 금속재료공학전공 일반,66.08
gnu,경상국립대학교,2025,공과대학 나군 나노신소재공학부 세라믹공학전공 일반,62.7
gnu,경상국립대학교,2025,미래자동차공학과 일반,61.75
gnu,경상국립대학교,2025,산업시스템공학부 일반,71.82
gnu,경상국립대학교,2025,에너지공학과 일반,60.38
gnu,경상국립대학교,2025,토목공학과 일반,65.63
gnu,경상국립대학교,2025,AI정보공학과 일반,74.25
gnu,경상국립대학교,2025,메카트로닉스공학부 일반,61.23
gnu,경상국립대학교,2025,반도체공학과 일반,71.0
gnu,경상국립대학교,2025,소프트웨어공학과 일반,66.57
gnu,경상국립대학교,2025,전기공학과 일반,64.81
gnu,경상국립대학교,2025,전자공학부 일반,66.68
gnu,경상국립대학교,2025,제어로봇공학과 일반,70.5
gnu,경상국립대학교,2025,컴퓨터공학부 일반,62.84
gnu,경상국립대학교,2025,농학과 일반,60.88
gnu,경상국립대학교,2025,동물생명융합학부 일반,62.75
gnu,경상국립대학교,2025,생물산업기계공학과 일반,62.25
gnu,경상국립대학교,2025,스마트농산업학과 일반,62.0
gnu,경상국립대학교,2025,식물의학과 일반,60.42
gnu,경상국립대학교,2025,식품공학부 일반,64.4
gnu,경상국립대학교,2025,농업생명과학대학 나군 식품자원경제학과 일반,60.13
gnu,경상국립대학교,2025,지역시스템공학과 일반,70.1
gnu,경상국립대학교,2025,축산과학부 일반,60.55
gnu,경상국립대학교,2025,환경산림과학부 일반,65.89
gnu,경상국립대학교,2025,환경재료과학과 일반,61.83
gnu,경상국립대학교,2025,국어교육과 일반,77.91
gnu,경상국립대학교,2025,물리교육과 일반,69.75
gnu,경상국립대학교,2025,사범대학 가군 영어교육과 일반,62.82
gnu,경상국립대학교,2025,유아교육과 일반,77.25
gnu,경상국립대학교,2025,일어교육과 일반,72.25
gnu,경상국립대학교,2025,건설환경공과대학 나군 인테리어재료공학과 일반,62.78
gnu,경상국립대학교,2025,조경학과 일반,64.38
gnu,경상국립대학교,2025,환경공학과 일반,61.18
gnu,경상국립대학교,2025,해양경찰시스템학과 일반,74.5
kangwon,강원대학교,2025,춘천 경영대학 경영·회계학부 경영·회계학부 수능(일반전형)정시가군,75.0
kangwon,강원대학교,2025,춘천 경영대학 경제·정보통계학부 경제·정보통계학부 수능(일반전형)정시가군,72.42
kangwon,강원대학교,2025,춘천 경영대학 관광경영학과 관광경영학과 수능(일반전형)정시가군,75.0
kangwon,강원대학교,2025,춘천 경영대학 국제무역학과 국제무역학과 수능(일반전형)정시가군,75.22
kangwon,강원대학교,2025,춘천 경영대학 경영대학 자유전공학과 경영대학 무전공학과 수능(일반전형)정시나군,72.58
kangwon,강원대학교,2025,춘천 동물생명과학대학 동물산업융합학과 동물산업융합학과 수능(일반전형)정시가군,60.33
kangwon,강원대학교,2025,춘천 동물생명과학대학 동물응용과학과 동물응용과학과 수능(일반전형)정시가군,66.89
kangwon,강원대학교,2025,춘천 동물생명과학대학 동물자원과학과 동물자원과학과 수능(일반전형)정시가군,74.18
kangwon,강원대학교,2025,춘천 문화예술·공과대학 건축학과(,69.57
kangwon,강원대학교,2025,춘천 문화예술·공과대학 건축공학과 건축·토목·환경공학부 수능(일반전형)정시가군,63.43
kangwon,강원대학교,2025,춘천 문화예술·공과대학 토목공학과 건축·토목·환경공학부 수능(일반전형)정시가군,63.43
kangwon,강원대학교,2025,춘천 문화예술·공과대학 환경공학과 건축·토목·환경공학부 수능(일반전형)정시가군,63.43
kangwon,강원대학교,2025,춘천 문화예술·공과대학 기계융합공학부 기계의용·메카트로닉스공학과수능(일반전형)정시가군,63.25
kangwon,강원대학교,2025,춘천 문화예술·공과대학 배터리융합공학과 배터리융합공학과 수능(일반전형)정시가군,62.14
kangwon,강원대학교,2025,춘천 문화예술·공과대학 스마트산업공학과 스마트산업공학과 수능(일반전형)정시가군,71.8
kangwon,강원대학교,2025,춘천 문화예술·공과대학 에너지자원공학과 에너지자원공학과 수능(일반전형)정시가군,66.38
kangwon,강원대학교,2025,춘천 문화예술·공과대학 화공·생물공학부 화공·생물공학부 수능(일반전형)정시가군,61.35
kangwon,강원대학교,2025,춘천 문화예술·공과대학 스포츠과학과 스포츠과학과 수능(일반전형)정시가군,62.91
kangwon,강원대학교,2025,춘천 문화예술·공과대학 영상문화학과 영상문화학과 수능(일반전형)정시가군,70.31
kangwon,강원대학교,2025,춘천 사회과학대학 문화인류학과 문화인류학과 수능(일반전형)정시가군,75.33
kangwon,강원대학교,2025,춘천 사회과학대학 미디어커뮤니케이션학과 미디어커뮤니케이션학과 수능(일반전형)정시가군,85.2
kangwon,강원대학교,2025,춘천 사회과학대학 부동산학과 부동산학과 수능(일반전형)정시가군,77.86
kangwon,강원대학교,2025,춘천 사회과학대학 사회학과 사회학과 수능(일반전형)정시가군,64.0
kangwon,강원대학교,2025,춘천 사회과학대학 정치외교학과 정치외교학과 수능(일반전형)정시가군,76.86
kangwon,강원대학교,2025,춘천 사회과학대학 심리학과 행정·심리학부 수능(일반전형)정시가군,78.15
kangwon,강원대학교,2025,춘천 사회과학대학 행정학과 행정·심리학부 수능(일반전형)정시가군,78.15
kangwon,강원대학교,2025,춘천 수의과대학 수의학과 수의예과 수능(일반전형)정시가군,96.05
kangwon,강원대학교,2025,춘천 약학대학 약학과 약학과 수능(일반전형)정시가군,94.92
kangwon,강원대학교,2025,춘천 의과대학 의예과 의예과 수능(일반전형)정시가군,97.19
kangwon,강원대학교,2025,춘천 의과대학 의예과 의예과 수능(지역인재전형)정시가군,95.6
kangwon,강원대학교,2025,춘천 의생명과학대학 분자생명과학과 분자생명과학과 수능(일반전형)정시가군,60.29
kangwon,강원대학교,2025,춘천 의생명과학대학 생명건강공학과 생명건강공학과 수능(일반전형)정시가군,67.4
kangwon,강원대학교,2025,춘천 의생명과학대학 생물의소재공학과 생물의소재공학과 수능(일반전형)정시가군,67.75
kangwon,강원대학교,2025,춘천 의생명과학대학 의생명시스템과학과 의생명융합학부 수능(일반전형)정시가군,72.0
kangwon,강원대학교,2025,춘천 의생명과학대학 의생명공학과 의생명융합학부 수능(일반전형)정시가군,72.0
kangwon,강원대학교,2025,춘천 간호대학 간호학과 간호학과 수능(일반전형)정시나군,72.59
kangwon,강원대학교,2025,춘천 농업생명과학대학 생물자원과학부 생물자원과학부 수능(일반전형)정시나군,74.5
kangwon,강원대학교,2025,춘천 농업생명과학대학 식품생명공학과 식품생명공학과 수능(일반전형)정시나군,64.0
kangwon,강원대학교,2025,춘천 농업생명과학대학 식품자원경제학과 원예·농업자원경제학부 수능(일반전형)정시나군,62.29
kangwon,강원대학교,2025,춘천 농업생명과학대학 원예학과 원예·농업자원경제학부 수능(일반전형)정시나군,62.29
kangwon,강원대학교,2025,춘천 농업생명과학대학 지역건설공학과 지역건설공학과 수능(일반전형)정시나군,80.0
kangwon,강원대학교,2025,춘천 농업생명과학대학 생명·환경융합학부 환경융합학부 수능(일반전형)정시나군,61.67
kangwon,강원대학교,2025,춘천 사범대학 교육학과 교육학과 수능(일반전형)정시나군,74.8
kangwon,강원대학교,2025,춘천 사범대학 국어교육과 국어교육과 수능(일반전형)정시나군,85.64
kangwon,강원대학교,2025,춘천 사범대학 역사교육과 역사교육과 수능(일반전형)정시나군,72.2
kangwon,강원대학교,2025,춘천 사범대학 영어교육과 영어교육과 수능(일반전형)정시나군,75.0
kangwon,강원대학교,2025,춘천 사범대학 윤리교육과 윤리교육과 수능(일반전형)정시나군,71.0
kangwon,강원대학교,2025,춘천 사범대학 일반사회교육과 일반사회교육과 수능(일반전형)정시나군,75.75
kangwon,강원대학교,2025,춘천 사범대학 지리교육과 지리교육과 수능(일반전형)정시나군,80.0
kangwon,강원대학교,2025,춘천 사범대학 한문교육과 한문교육과 수능(일반전형)정시나군,71.0
kangwon,강원대학교,2025,춘천 사범대학 가정교육과 가정교육과 수능(일반전형)정시나군,80.0
kangwon,강원대학교,2025,춘천 사범대학 과학교육학부 과학교육학부 수능(일반전형)정시나군,74.75
kangwon,강원대학교,2025,춘천 사범대학 수학교육과 수학교육과 수능(일반전형)정시나군,70.33
kangwon,강원대학교,2025,춘천 산림환경과학대학 산림바이오소재공학과 목재·종이과학부 수능(일반전형)정시나군,72.25
kangwon,강원대학교,2025,춘천 산림환경과학대학 펄프제지공학과 목재·종이과학부 수능(일반전형)정시나군,72.25
kangwon,강원대학교,2025,춘천 산림환경과학대학 산림경영학과 산림과학부 수능(일반전형)정시나군,67.07
kangwon,강원대학교,2025,춘천 산림환경과학대학 산림자원학과 산림과학부 수능(일반전형)정시나군,67.07
kangwon,강원대학교,2025,춘천 산림환경과학대학 산림환경보호학과 산림과학부 수능(일반전형)정시나군,67.07
kangwon,강원대학교,2025,춘천 산림환경과학대학 생태조경디자인학과 생태조경디자인학과 수능(일반전형)정시나군,64.0
kangwon,강원대학교,2025,춘천 인문대학 국어국문학과 인문학부 수능(일반전형)정시나군,61.0
kangwon,강원대학교,2025,춘천 인문대학 독어독문학과 인문학부 수능(일반전형)정시나군,61.0
kangwon,강원대학교,2025,춘천 인문대학 불어불문학과 인문학부 수능(일반전형)정시나군,61.0
kangwon,강원대학교,2025,춘천 인문대학 사학과 인문학부 수능(일반전형)정시나군,61.0
kangwon,강원대학교,2025,춘천 인문대학 영어영문학과 인문학부 수능(일반전형)정시나군,61.0
kangwon,강원대학교,2025,춘천 인문대학 일본학과 인문학부 수능(일반전형)정시나군,61.0
kangwon,강원대학교,2025,춘천 인문대학 중어중문학과 인문학부 수능(일반전형)정시나군,61.0
kangwon,강원대학교,2025,춘천 인문대학 철학과 인문학부 수능(일반전형)정시나군,61.0
kangwon,강원대학교,2025,춘천 자연과학대학 반도체물리학과 반도체물리학과 수능(일반전형)정시나군,71.0
kangwon,강원대학교,2025,춘천 자연과학대학 생명과학과 생명과학과 수능(일반전형)정시나군,71.2
kangwon,강원대학교,2025,춘천 자연과학대학 수학과 수학과 수능(일반전형)정시나군,81.14
kangwon,강원대학교,2025,춘천 자연과학대학 지질·지구물리학부 지질·지구물리학부 수능(일반전형)정시나군,70.18
kangwon,강원대학교,2025,춘천 자연과학대학 화학·생화학부 화학·생화학부 수능(일반전형)정시나군,65.4
kangwon,강원대학교,2025,춘천 IT대학 디지털밀리터리학과 디지털밀리터리학과 수능(일반전형)정시나군,60.0
kangwon,강원대학교,2025,춘천 IT대학 전기전자공학과 전기전자공학과 수능(일반전형)정시나군,66.76
kangwon,강원대학교,2025,춘천 IT대학 전자공학과 전자공학과 수능(일반전형)정시나군,67.75
kangwon,강원대학교,2025,춘천 IT대학 컴퓨터공학과 컴퓨터공학과 수능(일반전형)정시나군,62.76
kangwon,강원대학교,2025,춘천 IT대학 AI융합학과 AI융합학과 수능(일반전형)정시나군,61.56
kangwon,강원대학교,2025,춘천 독립학부 자유전공학부(인문계열) 자유전공학부(인문계열) 수능(일반전형)정시나군,77.88
kangwon,강원대학교,2025,춘천 독립학부 자유전공학부(자연계열) 자유전공학부(자연계열) 수능(일반전형)정시나군,64.86
kangwon,강원대학교,2025,춘천 문화예술·공과대학 미술학과 정시가군,78.43
kangwon,강원대학교,2024,의예과,98.2
kangwon,강원대학교,2024,수의예과,97.4
kangwon,강원대학교,2024,약학과,96.6
kangwon,강원대학교,2024,간호학과,78.6
kangwon,강원대학교,2024,자연과학대학 자유전공,75.2
jejunu,제주대학교,2025,의예과,97.0
jejunu,제주대학교,2025,수의예과,94.5
korea_sejong,고려대학교(세종),2025,약학과,93.0
korea_sejong,고려대학교(세종),2025,전자정보공학과,86.0
korea_sejong,고려대학교(세종),2025,경영학부,85.0
korea_sejong,고려대학교(세종),2024,응용수리과학부,68.95
korea_sejong,고려대학교(세종),2024,반도체물리학부,69.42
korea_sejong,고려대학교(세종),2024,신소재화학과,69.55
korea_sejong,고려대학교(세종),2024,컴퓨터융합소프트웨어학과,69.48
korea_sejong,고려대학교(세종),2024,전자및정보공학과,68.47
korea_sejong,고려대학교(세종),2024,생명정보공학과,72.13
korea_sejong,고려대학교(세종),2024,식품생명공학과,68.82
korea_sejong,고려대학교(세종),2024,전자기계융합공학과,70.47
korea_sejong,고려대학교(세종),2024,환경시스템공학과,70.05
korea_sejong,고려대학교(세종),2024,미래모빌리티학과,69.82
korea_sejong,고려대학교(세종),2024,지능형반도체공학과,69.93
korea_sejong,고려대학교(세종),2024,인공지능사이버보안학과,72.1
korea_sejong,고려대학교(세종),2024,약학과,97.41
korea_sejong,고려대학교(세종),2024,글로벌학부,68.36
korea_sejong,고려대학교(세종),2024,융합경영학부,68.83
korea_sejong,고려대학교(세종),2024,표준지식학과,70.02
korea_sejong,고려대학교(세종),2024,정부행정학부,69.32
korea_sejong,고려대학교(세종),2024,공공사회통일외교학부,68.53
korea_sejong,고려대학교(세종),2024,경제통계학부,67.93
korea_sejong,고려대학교(세종),2024,빅데이터사이언스학부,72.08
korea_sejong,고려대학교(세종),2024,국제스포츠학부,51.93
korea_sejong,고려대학교(세종),2024,문화유산융합학부,68.98
korea_sejong,고려대학교(세종),2024,문화창의학부,72.95
korea_sejong,고려대학교(세종),2024,스마트도시학부,68.56
yonsei_mirae,연세대학교(미래·원주),2025,의예과,98.5
yonsei_mirae,연세대학교(미래·원주),2025,치의예과,97.0
yonsei_mirae,연세대학교(미래·원주),2025,약학과,94.5
dongduk,동덕여자대학교,2025,경영대학 경영융합학부,99.0
dongduk,동덕여자대학교,2025,문예창작전공 ◉,61.0
dongduk,동덕여자대학교,2025,[나→가군] 영어전공 ◉,71.0
dongduk,동덕여자대학교,2025,중어중국학전공 ◉,73.0
dongduk,동덕여자대학교,2025,사회복지학전공 ◉,68.0
dongduk,동덕여자대학교,2025,[나→가군] 화장품학전공 ◉,61.0
dongduk,동덕여자대학교,2025,HCI사이언스전공 ◉,90.0
dongduk,동덕여자대학교,2025,문화예술경영전공 ◉,92.0
dongduk,동덕여자대학교,2025,글로벌MICE융합전공 ◉,85.0
dongduk,동덕여자대학교,2025,앙트러프러너십전공,91.0
dongduk,동덕여자대학교,2025,[자율] 자율전공학부,93.0
dongduk,동덕여자대학교,2025,디지털공예전공,94.0
dongduk,동덕여자대학교,2025,패션디자인전공(주간),79.0
dongduk,동덕여자대학교,2025,미디어디자인전공,76.0
dongduk,동덕여자대학교,2025,경영융합학부,60.0
dongduk,동덕여자대학교,2025,국어국문학전공 ◉,78.6
dongduk,동덕여자대학교,2025,국사학전공 ◉,80.6
dongduk,동덕여자대학교,2025,일어일본학전공 ◉,80.7
dongduk,동덕여자대학교,2025,① 유러피언스터디즈전공 ◉,81.4
dongduk,동덕여자대학교,2025,문헌정보학전공 ◉,82.3
dongduk,동덕여자대학교,2025,아동학전공 ◉,80.5
dongduk,동덕여자대학교,2025,경영융합학부 ◉,81.6
dongduk,동덕여자대학교,2025,식품영양학전공 ◉,78.2
dongduk,동덕여자대학교,2025,보건관리학전공 ◉,83.2
dongduk,동덕여자대학교,2025,응용화학전공 ◉,82.7
dongduk,동덕여자대학교,2025,화장품학전공 ◉,61.0
dongduk,동덕여자대학교,2025,컴퓨터학전공 ◉,82.8
dongduk,동덕여자대학교,2025,정보통계학전공 ◉,80.8
dongduk,동덕여자대학교,2025,③ [나→가군] 약학과,96.9
dongduk,동덕여자대학교,2025,① [다→가군] 큐레이터학전공,82.0
dongduk,동덕여자대학교,2025,④ [다→가군] 커뮤니케이션콘텐츠전공 ◉,89.6
dongduk,동덕여자대학교,2025,데이터사이언스전공,83.5
dongduk,동덕여자대학교,2025,④ [다→가군] 문화예술경영전공 ◉,92.0
dongduk,동덕여자대학교,2025,① [다→가군] 글로벌MICE융합전공 ◉,85.0
dongduk,동덕여자대학교,2025,⑦ [다→가군] 앙트러프러너십전공,91.0
dongduk,동덕여자대학교,2025,① 자율전공학부,93.0
dongduk,동덕여자대학교,2025,① 인문사회문화학부,78.7
dongduk,동덕여자대학교,2025,② 자연정보융합학부,80.2
dongduk,동덕여자대학교,2025,회화전공 서양화,83.0
dongduk,동덕여자대학교,2025,디자인전공 실내디자인,96.0
dongduk,동덕여자대학교,2025,패션디자인전공(야간),78.7
dongduk,동덕여자대학교,2025,약학과,96.17
dongduk,동덕여자대학교,2025,문화예술경영전공,91.0
dongduk,동덕여자대학교,2025,정보통계학전공,72.0
dongduk,동덕여자대학교,2025,시각&실내디자인 (시각),86.0
dongduk,동덕여자대학교,2025,패션디자인전공 (야간),71.0
dongduk,동덕여자대학교,2024,약학과,97.4
dongduk,동덕여자대학교,2024,문화예술경영전공,93.6
dongduk,동덕여자대학교,2024,커뮤니케이션콘텐츠학과,92.4
dongduk,동덕여자대학교,2024,컴퓨터학과,86.4
dongduk,동덕여자대학교,2024,HCI사이언스학과,85.8
dongduk,동덕여자대학교,2023,약학과,96.33
dongduk,동덕여자대학교,2023,커뮤니케이션콘텐츠전공,93.0
dongduk,동덕여자대학교,2023,문화예술경영전공,89.5
dongduk,동덕여자대학교,2023,국사학전공,75.67
dongduk,동덕여자대학교,2023,유러피언스터디즈전공,74.67
swu,서울여자대학교,2025,스포츠심리학,84.0
swu,서울여자대학교,2025,AI융합대학,86.0
swu,서울여자대학교,2025,생명환경공학과,94.91
swu,서울여자대학교,2025,기독교학과,86.11
swu,서울여자대학교,2024,생명환경공학과,94.91
swu,서울여자대학교,2024,첨단미디어디자인학과,93.83
swu,서울여자대학교,2024,언론영상학부,93.82
swu,서울여자대학교,2024,자율전공학부 (자연),93.5
swu,서울여자대학교,2024,바이오헬스융합학과,93.46
swu,서울여자대학교,2023,시각디자인전공,97.0
swu,서울여자대학교,2023,자연과학대학 자유전공,95.17
swu,서울여자대학교,2023,산업디자인전공,93.0
swu,서울여자대학교,2023,기독교학과,89.67
swu,서울여자대학교,2023,독어독문학과,90.33
swu,서울여자대학교,2023,일어일문학과,90.33
duksung,덕성여자대학교,2025,약학과,94.5
duksung,덕성여자대학교,2025,약학대학,96.7
duksung,덕성여자대학교,2025,글로벌융합대학 (유아교육과),86.95
duksung,덕성여자대학교,2025,글로벌융합대학 (인문사회),87.55
duksung,덕성여자대학교,2025,과학기술대학,87.4
duksung,덕성여자대학교,2025,미래인재대학 (자유전공학부),86.7
duksung,덕성여자대학교,2025,미래인재대학 (가상현실융합학과),87.05
duksung,덕성여자대학교,2025,미래인재대학 (데이터사이언스학과),87.85
duksung,덕성여자대학교,2025,미래인재대학 (AI신약학과),91.1
duksung,덕성여자대학교,2024,약학대학 (가군),97.43
sungshin,성신여자대학교,2025,AI융합학부,86.0
sungshin,성신여자대학교,2025,간호학과 (인문),88.15
sungshin,성신여자대학교,2025,간호학과 (자연),88.13
sungshin,성신여자대학교,2025,디자인과,87.51
sungshin,성신여자대학교,2023,산업디자인학과,89.78
sungshin,성신여자대학교,2023,경제학과,88.47
sungshin,성신여자대학교,2022,국어국문학과,81.0
sungshin,성신여자대학교,2022,사학과,80.67
sungshin,성신여자대학교,2022,심리학과,85.33
sungshin,성신여자대학교,2022,지리학과,85.0
sungshin,성신여자대학교,2022,경제학과,80.25
sungshin,성신여자대학교,2022,경영학부,88.0
sungshin,성신여자대학교,2022,법학과,83.94
sungshin,성신여자대학교,2022,수학과,84.0
sungshin,성신여자대학교,2022,핀테크학과,84.71
sungshin,성신여자대학교,2022,간호학과,86.27
sungshin,성신여자대학교,2022,뷰티산업학과,84.33
ktech,한국공학대학교,2025,AI·디자인공학부,85.5
ktech,한국공학대학교,2025,기계공학부,85.0
kentech,한국에너지공과대학교 (KENTECH),2025,에너지공학부,95.0
handong,한동대학교,2025,전 모집단위 (무전공),88.0
skuniv,서경대학교,2025,미래융합학부,68.0
skuniv,서경대학교,2025,자유전공학부,81.5
skuniv,서경대학교,2025,군사학과-남자,81.0
skuniv,서경대학교,2025,군사학과-여자,78.0
skuniv,서경대학교,2025,실용음악학부-베이스,79.0
skuniv,서경대학교,2025,실용음악학부-드럼,99.0
skuniv,서경대학교,2025,실용음악학부-피아노,62.0
skuniv,서경대학교,2025,실용음악학부-작곡,75.0
skuniv,서경대학교,2025,실용음악학부-싱어송라이터,61.0
skuniv,서경대학교,2025,공연예술학부-뮤지컬,68.0
skuniv,서경대학교,2025,공연예술학부-연기,69.3
skuniv,서경대학교,2025,공연예술학부-연출,75.0
skuniv,서경대학교,2025,공연예술학부-무대패션,64.0
skuniv,서경대학교,2025,무용예술학부-한국무용,69.0
anyang,안양대학교,2025,신학과,74.43
anyang,안양대학교,2025,기독교교육과,74.88
anyang,안양대학교,2025,유아교육과,79.39
anyang,안양대학교,2025,국어국문학과,77.1
anyang,안양대학교,2025,영미언어문화학과,79.9
anyang,안양대학교,2025,글로벌경영학과(야),76.54
anyang,안양대학교,2025,행정학과,81.7
anyang,안양대학교,2025,사회계열자유전공,83.55
anyang,안양대학교,2025,식품영양학과,82.09
anyang,안양대학교,2025,통계데이터사이언스학과,82.16
anyang,안양대학교,2025,디지털미디어디자인학과,82.71
anyang,안양대학교,2025,컴퓨터공학과,84.69
anyang,안양대학교,2025,정보전기전자공학과(야),79.85
anyang,안양대학교,2025,도시정보공학과(야),78.47
anyang,안양대학교,2025,환경에너지공학과,82.4
anyang,안양대학교,2025,이공계열자유전공,82.58
anyang,안양대학교,2025,인천 해양바이오공학과,72.7
anyang,안양대학교,2025,강화 스마트시티공학과,73.5
anyang,안양대학교,2025,인천 스포츠과학과,66.67
anyang,안양대학교,2025,강화 스포츠계열자유전공,60.5
anyang,안양대학교,2025,자유전공,83.7
anyang,안양대학교,2025,러시아언어문화학과,79.75
anyang,안양대학교,2025,중국언어문화학과,80.55
anyang,안양대학교,2025,인문계열자유전공,82.28
anyang,안양대학교,2025,글로벌경영학과,82.86
anyang,안양대학교,2025,관광경영학과,83.25
anyang,안양대학교,2025,행정학과(야),77.18
anyang,안양대학교,2025,뷰티메디컬디자인학과,80.2
anyang,안양대학교,2025,통계데이터사이언스학과(야),78.87
anyang,안양대학교,2025,화장품발명디자인학과,79.94
anyang,안양대학교,2025,정보전기전자공학과,84.7
anyang,안양대학교,2025,소프트웨어학과,83.86
anyang,안양대학교,2025,도시정보공학과,81.18
anyang,안양대학교,2025,AI융합학과,82.31
anyang,안양대학교,2025,게임콘텐츠학과,73.13
anyang,안양대학교,2024,컴퓨터공학과,84.76
anyang,안양대학교,2024,스마트시티공학과,50.7
anyang,안양대학교,2024,소프트웨어학과,84.56
anyang,안양대학교,2024,게임콘텐츠학과,52.8
khu,경희대학교,2024,의예과,98.67
khu,경희대학교,2024,한의예과 (자연),97.2
khu,경희대학교,2024,치의예과,97.33
khu,경희대학교,2024,약학과,96.0
khu,경희대학교,2024,한의예과 (인문),97.5
khu,경희대학교,2024,빅데이터응용학과,91.17
khu,경희대학교,2024,정치외교학과,90.5
khu,경희대학교,2024,경영학과,90.5
khu,경희대학교,2024,회계세무학과,90.3
khu,경희대학교,2024,ICT광역,90.3
khu,경희대학교,2024,국어국문학과,87.17
khu,경희대학교,2024,사학과,88.33
khu,경희대학교,2024,자유전공학부,90.17
khu,경희대학교,2024,행정학과,89.17
khu,경희대학교,2024,경제학과,89.83
khu,경희대학교,2024,의상학과,87.67
khu,경희대학교,2024,수학과,88.5
khu,경희대학교,2024,화학과,90.0
khu,경희대학교,2024,정보디스플레이학과,91.5
khu,경희대학교,2024,소프트웨어융합학과,90.5
khu,경희대학교,2024,기계공학과,89.5
khu,경희대학교,2026,의예과 (자연),98.5
khu,경희대학교,2026,한의예과 (인문),98.33
khu,경희대학교,2025,의예과,98.5
khu,경희대학교,2025,한의예과 (인문),98.33
khu,경희대학교,2025,치의예과,97.33
khu,경희대학교,2025,한의예과 (자연),96.5
khu,경희대학교,2025,약학과,95.33
khu,경희대학교,2025,한약학과,93.17
khu,경희대학교,2025,자유전공학부,90.83
khu,경희대학교,2025,유전생명공학과,90.5
khu,경희대학교,2025,화학과,90.33
khu,경희대학교,2025,회계학과,90.17
khu,경희대학교,2025,빅데이터응용학과,90.17
khu,경희대학교,2025,경영학과,90.0
khu,경희대학교,2025,전자공학과,90.0
khu,경희대학교,2025,컴퓨터공학과,90.0
khu,경희대학교,2025,신소재공학과,90.0
khu,경희대학교,2025,한국어학과,84.33
khu,경희대학교,2025,러시아어학과,83.5
khu,경희대학교,2025,글로벌커뮤니케이션학부,83.67
khu,경희대학교,2025,일본어학과,84.5
khu,경희대학교,2025,중국어학과,85.0
khu,경희대학교,2025,정보디스플레이학과,91.5
khu,경희대학교,2025,한의예과,97.21
khu,경희대학교,2025,디지털콘텐츠학과,98.5
khu,경희대학교,2025,스포츠지도학과,44.0
khu,경희대학교,2025,태권도학과,85.5
khu,경희대학교,2025,건축공학과,87.5
khu,경희대학교,2023,의예과,98.8
khu,경희대학교,2023,치의예과,96.8
khu,경희대학교,2023,한의예과,97.2
khu,경희대학교,2023,한의예과 (자연),97.2
khu,경희대학교,2023,약학과,94.3
khu,경희대학교,2023,스포츠의학과,95.0
khu,경희대학교,2023,전자공학과,90.0
khu,경희대학교,2023,정보디스플레이학과,89.7
khu,경희대학교,2023,물리학과,87.5
khu,경희대학교,2023,기계공학과,88.3
khu,경희대학교,2023,빅데이터응용학과,91.8
khu,경희대학교,2023,자유전공학부,90.7
khu,경희대학교,2023,디지털콘텐츠학과,97.5
khu,경희대학교,2023,영어영문학과,89.2
khu,경희대학교,2023,일본어학과,86.2
khu,경희대학교,2023,정치외교학과,89.7
khu,경희대학교,2023,경영학과,89.2
khu,경희대학교,2023,미디어학과,88.7
khu,경희대학교,2022,의예과,98.5
khu,경희대학교,2022,한의예과 (자연),95.8
khu,경희대학교,2022,한의예과 (인문),97.2
khu,경희대학교,2022,치의예과,97.0
khu,경희대학교,2022,국어국문학과,86.67
khu,경희대학교,2022,철학과,91.7
khu,경희대학교,2022,자유전공학부,92.5
khu,경희대학교,2022,사회학과,92.8
khu,경희대학교,2022,경영학과,88.0
khu,경희대학교,2022,경제학과,87.5
khu,경희대학교,2022,관광학과,91.8
khu,경희대학교,2022,수학과,87.33
khu,경희대학교,2022,생물학과,90.5
khu,경희대학교,2022,간호학과 (자연),89.2
khu,경희대학교,2022,사학과,88.0
khu,경희대학교,2022,자율전공학부,88.5
khu,경희대학교,2022,정치외교학과,86.83
khu,경희대학교,2022,의상학과,87.0
khu,경희대학교,2022,간호학과 (인문),88.0
khu,경희대학교,2022,정보디스플레이학과,90.0
khu,경희대학교,2022,약학과,94.83
khu,경희대학교,2022,국제학과,83.83
khu,경희대학교,2022,한의예과,95.67
khu,경희대학교,2022,기계공학과,88.5
khu,경희대학교,2022,건축공학과,85.5
khu,경희대학교,2022,컴퓨터공학과,90.0
khu,경희대학교,2022,우주과학과,84.5
khu,경희대학교,2022,연극영화학과,95.5
khu,경희대학교,2022,체육학과,92.0
khu,경희대학교,2022,스포츠의학과,92.0
khu,경희대학교,2022,태권도학과,85.0
dankook_cheonan,단국대학교(천안),2025,의예과,96.21
dankook_cheonan,단국대학교(천안),2025,제약공학과,81.99
dankook_cheonan,단국대학교(천안),2025,아시아중동학부 베트남학전공,72.24
dankook_cheonan,단국대학교(천안),2025,물리치료학과,83.44
dankook_cheonan,단국대학교(천안),2025,생명자원학부 식량생명공학전공,74.59
dankook_cheonan,단국대학교(천안),2025,경영공학과,78.41
dankook_cheonan,단국대학교(천안),2025,물리학과,77.04
dankook_cheonan,단국대학교(천안),2024,의예과,96.21
dankook_cheonan,단국대학교(천안),2024,치의예과,95.27
dankook_cheonan,단국대학교(천안),2024,약학과,93.51
dankook_cheonan,단국대학교(천안),2024,간호학과,86.74
dankook_cheonan,단국대학교(천안),2024,물리치료학과,83.44
hoseo,호서대학교,2025,한국언어문화학과,62.15
hoseo,호서대학교,2025,영어영문학과,65.9
hoseo,호서대학교,2025,중국학과,62.5
hoseo,호서대학교,2025,법경찰행정학과,65.4
hoseo,호서대학교,2025,산업심리학과,65.05
hoseo,호서대학교,2025,사회복지학부,66.05
hoseo,호서대학교,2025,유아교육과,65.6
hoseo,호서대학교,2025,경영학부,67.85
hoseo,호서대학교,2025,식품공학과,68.95
hoseo,호서대학교,2025,제약공학과,53.65
hoseo,호서대학교,2025,화장품과학과,66.7
hoseo,호서대학교,2025,생명공학과,65.5
hoseo,호서대학교,2025,간호학과,75.75
hoseo,호서대학교,2025,물리치료학과,72.3
hoseo,호서대학교,2025,임상병리학과,71.55
hoseo,호서대학교,2025,전기공학과,66.25
hoseo,호서대학교,2025,기계공학과,65.65
hoseo,호서대학교,2025,화학공학과,66.25
hoseo,호서대학교,2025,건축토목공학부,63.4
hoseo,호서대학교,2025,컴퓨터공학부,62.8
hoseo,호서대학교,2025,반도체공학과,60.2
hoseo,호서대학교,2024,한국언어문화학과,56.69
hoseo,호서대학교,2024,영어영문학과,62.77
hoseo,호서대학교,2024,중국학과,65.48
hoseo,호서대학교,2024,법경찰행정학과,72.53
hoseo,호서대학교,2024,산업심리학과,68.86
hoseo,호서대학교,2024,사회복지학부,66.16
hoseo,호서대학교,2024,유아교육과,70.05
hoseo,호서대학교,2024,경영학부,68.58
hoseo,호서대학교,2024,식품공학과,68.75
hoseo,호서대학교,2024,제약공학과,70.55
hoseo,호서대학교,2024,화장품과학과,67.85
hoseo,호서대학교,2024,생명공학과,67.65
hoseo,호서대학교,2024,간호학과,78.97
hoseo,호서대학교,2024,물리치료학과,78.62
hoseo,호서대학교,2024,임상병리학과,72.22
hoseo,호서대학교,2024,전기공학과,66.28
hoseo,호서대학교,2024,기계공학과,68.51
hoseo,호서대학교,2024,화학공학과,67.91
hoseo,호서대학교,2024,건축토목공학부,66.84
hoseo,호서대학교,2024,컴퓨터공학부,73.16
hoseo,호서대학교,2024,반도체공학과,69.83
hoseo,호서대학교,2023,한국언어문화학과,56.45
hoseo,호서대학교,2023,영어영문학과,61.15
hoseo,호서대학교,2023,중국학과,62.5
hoseo,호서대학교,2023,법경찰행정학과,68.3
hoseo,호서대학교,2023,산업심리학과,63.8
hoseo,호서대학교,2023,사회복지학부,59.3
hoseo,호서대학교,2023,유아교육과,71.4
hoseo,호서대학교,2023,경영학부,64.1
hoseo,호서대학교,2023,식품공학과,64.85
hoseo,호서대학교,2023,제약공학과,68.65
hoseo,호서대학교,2023,화장품과학과,61.35
hoseo,호서대학교,2023,생명공학과,66.2
hoseo,호서대학교,2023,간호학과,78.8
hoseo,호서대학교,2023,물리치료학과,74.15
hoseo,호서대학교,2023,임상병리학과,73.2
hoseo,호서대학교,2023,전기공학과,58.9
hoseo,호서대학교,2023,기계공학과,53.75
hoseo,호서대학교,2023,화학공학과,59.95
hoseo,호서대학교,2023,건축토목공학부,52.2
hoseo,호서대학교,2023,컴퓨터공학부,69.0
hoseo,호서대학교,2023,반도체공학과,64.25
hoseo,호서대학교,2022,한국언어문화학과,49.33
hoseo,호서대학교,2022,영어영문학과,56.67
hoseo,호서대학교,2022,중국학과,47.0
hoseo,호서대학교,2022,법경찰행정학과,66.0
hoseo,호서대학교,2022,산업심리학과,53.0
hoseo,호서대학교,2022,사회복지학부,59.33
hoseo,호서대학교,2022,유아교육과,63.33
hoseo,호서대학교,2022,경영학부,61.0
hoseo,호서대학교,2022,식품공학과,48.0
hoseo,호서대학교,2022,제약공학과,61.33
hoseo,호서대학교,2022,화장품과학과,58.67
hoseo,호서대학교,2022,생명공학과,40.0
hoseo,호서대학교,2022,간호학과,78.33
hoseo,호서대학교,2022,물리치료학과,75.33
hoseo,호서대학교,2022,임상병리학과,71.33
hoseo,호서대학교,2022,전기공학과,52.0
hoseo,호서대학교,2022,기계공학과,40.0
hoseo,호서대학교,2022,화학공학과,43.33
hoseo,호서대학교,2022,건축토목공학부,54.67
hoseo,호서대학교,2022,컴퓨터공학부,61.33
hoseo,호서대학교,2022,반도체공학과,68.4
hoseo,호서대학교,2021,한국언어문화학과,58.33
hoseo,호서대학교,2021,영어영문학과,56.67
hoseo,호서대학교,2021,중국학과,53.33
hoseo,호서대학교,2021,법경찰행정학과,71.33
hoseo,호서대학교,2021,산업심리학과,65.33
hoseo,호서대학교,2021,사회복지학부,60.33
hoseo,호서대학교,2021,유아교육과,66.33
hoseo,호서대학교,2021,경영학부,64.67
hoseo,호서대학교,2021,식품공학과,45.0
hoseo,호서대학교,2021,제약공학과,59.67
hoseo,호서대학교,2021,화장품과학과,46.67
hoseo,호서대학교,2021,생명공학과,46.67
hoseo,호서대학교,2021,간호학과,80.0
hoseo,호서대학교,2021,물리치료학과,75.67
hoseo,호서대학교,2021,임상병리학과,71.33
hoseo,호서대학교,2021,전기공학과,47.67
hoseo,호서대학교,2021,기계공학과,58.33
hoseo,호서대학교,2021,화학공학과,55.67
hoseo,호서대학교,2021,건축토목공학부,45.67
hoseo,호서대학교,2021,컴퓨터공학부,46.33
hoseo,호서대학교,2021,반도체공학과,39.0
cu_kd,가톨릭관동대학교,2025,의예과,97.2
cu_kd,가톨릭관동대학교,2025,간호학과,67.8
cu_kd,가톨릭관동대학교,2025,임상병리학과,64.5
cu_kd,가톨릭관동대학교,2025,역사교육과,62.2
cu_kd,가톨릭관동대학교,2025,지리교육과,58.3
cu_kd,가톨릭관동대학교,2025,치위생학과,58.0
cu_kd,가톨릭관동대학교,2025,컴퓨터교육과,56.5
cu_kd,가톨릭관동대학교,2025,수학교육과,56.2
cu_kd,가톨릭관동대학교,2025,항공운항학과,56.2
cu_kd,가톨릭관동대학교,2025,건축공학과,49.5
cu_kd,가톨릭관동대학교,2025,행정학과,49.3
cu_kd,가톨릭관동대학교,2025,항공교통물류학과,49.3
cu_kd,가톨릭관동대학교,2025,국어교육과,48.8
cu_kd,가톨릭관동대학교,2025,영어교육과,48.7
cu_kd,가톨릭관동대학교,2025,경영학과,42.0
cu_kd,가톨릭관동대학교,2025,사회복지학과,40.7
hanbat,국립한밭대학교,2024,경제학과,85.33
hanbat,국립한밭대학교,2024,융합경영학과,83.67
hanbat,국립한밭대학교,2024,회계세무학과,83.33
hanbat,국립한밭대학교,2024,시각영상디자인학과,82.33
hanbat,국립한밭대학교,2024,전기공학과,82.0
hanbat,국립한밭대학교,2024,공공행정학과,85.89
hanbat,국립한밭대학교,2024,영어영문학과,83.11
kyonggi,경기대학교,2025,건축학과 (5년제),82.7
kyonggi,경기대학교,2025,자유전공학부 (수원),81.95
kyonggi,경기대학교,2025,AI컴퓨터공학부 인공지능전공,81.7
kyonggi,경기대학교,2025,공공안전학부,81.6
kyonggi,경기대학교,2025,전자공학부,81.25
kyonggi,경기대학교,2025,호텔외식경영학부,81.2
kyonggi,경기대학교,2025,창의공과대학 (통합),81.1
kyonggi,경기대학교,2025,미디어영상학과,81.0
kyonggi,경기대학교,2025,관광문화콘텐츠학과,80.8
kyonggi,경기대학교,2025,수학과,80.75
kyonggi,경기대학교,2025,신소재화학공학부,80.65
kyonggi,경기대학교,2025,바이오융합학부,80.5
kyonggi,경기대학교,2025,기계시스템공학과,80.45
kyonggi,경기대학교,2025,법학과,80.3
kyonggi,경기대학교,2025,경제학부,80.15
kyonggi,경기대학교,2025,경영학부,80.05
kyonggi,경기대학교,2025,스포츠과학부,88.0
kyonggi,경기대학교,2025,체육학과,84.0
kyonggi,경기대학교,2025,시큐리티매니지먼트학과,84.0
konyang,건양대학교,2024,의학과,98.45
konyang,건양대학교,2024,작업치료학과,78.33
konyang,건양대학교,2024,안경광학과,82.0
konyang,건양대학교,2024,임상병리학과,84.33
konyang,건양대학교,2024,방사선학과,86.33
konyang,건양대학교,2024,치위생학과,79.03
konyang,건양대학교,2024,물리치료학과,87.67
konyang,건양대학교,2024,응급구조학과,81.7
konyang,건양대학교,2024,심리상담치료학과,72.93
konyang,건양대학교,2024,유아교육과,60.0
konyang,건양대학교,2024,국방경찰행정학부,71.0
konyang,건양대학교,2024,간호학과,91.43
konyang,건양대학교,2024,병원경영학과,79.47
konyang,건양대학교,2024,의공학과,81.07
konyang,건양대학교,2024,의료IT공학과,77.47
konyang,건양대학교,2024,의료공간디자인학과,72.5
konyang,건양대학교,2024,제약생명공학과,82.53
konyang,건양대학교,2024,의료신소재학과,65.47
konyang,건양대학교,2024,인공지능학과,74.9
konyang,건양대학교,2024,기업소프트웨어학부,71.1
konyang,건양대학교,2024,스마트보안학과,60.13
konyang,건양대학교,2024,임상의약학과,70.8
konyang,건양대학교,2024,의약바이오학과,71.0
konyang,건양대학교,2024,재난안전소방학과,72.4
konyang,건양대학교,2024,반도체공학과,64.93
konyang,건양대학교,2024,아동교육학과,67.67
konyang,건양대학교,2024,초등특수교육과,57.0
konyang,건양대학교,2024,중등특수교육과,50.33
konyang,건양대학교,2024,사회복지학과,61.2
konyang,건양대학교,2024,디지털콘텐츠학과,65.0
konyang,건양대학교,2024,융합디자인학과,75.13
konyang,건양대학교,2024,글로벌의료뷰티학과,50.33
konyang,건양대학교,2024,경영학부,65.8
konyang,건양대학교,2024,호텔관광학과,63.0
konyang,건양대학교,2024,금융세무학부,66.9
hallym,한림대학교,2025,의학과,97.8
hallym,한림대학교,2025,인문학부,85.92
hallym,한림대학교,2025,영어영문학과,88.82
hallym,한림대학교,2025,중국학과,85.52
hallym,한림대학교,2025,일본학과,87.26
hallym,한림대학교,2025,러시아학과,85.12
hallym,한림대학교,2025,심리학과,89.06
hallym,한림대학교,2025,사회학과,85.28
hallym,한림대학교,2025,사회복지학부,84.72
hallym,한림대학교,2025,정치행정학과,86.24
hallym,한림대학교,2025,법학과,86.0
hallym,한림대학교,2025,경영대학,87.5
hallym,한림대학교,2025,화학과,86.18
hallym,한림대학교,2025,생명과학과,86.84
hallym,한림대학교,2025,바이오메디컬학과,87.92
hallym,한림대학교,2025,환경생명공학과,86.24
hallym,한림대학교,2025,식품영양학과,86.0
hallym,한림대학교,2025,언어청각학부,87.56
hallym,한림대학교,2025,자연과학대학,85.84
hallym,한림대학교,2025,소프트웨어학부,87.44
hallym,한림대학교,2025,인공지능융합학부,86.06
hallym,한림대학교,2025,데이터사이언스학부,86.54
hallym,한림대학교,2025,간호학과,86.9
hallym,한림대학교,2025,글로벌학부,87.38
hallym,한림대학교,2025,융합과학수사학과,87.38
hallym,한림대학교,2025,미디어스쿨,87.26
hallym,한림대학교,2025,반도체·디스플레이스쿨,85.52
hallym,한림대학교,2025,미래융합스쿨,86.0
inje,인제대학교,2025,의예과,97.72
daejeon,대전대학교,2024,한의예과 (인문),96.5
daejeon,대전대학교,2024,한의예과 (자연),96.5
dongshin,동신대학교,2024,한의예과,98.67
sangji,상지대학교,2024,한의예과 (A형),98.1
sangji,상지대학교,2024,한의예과 (B형),97.9
woosuk,우석대학교,2024,한의예과,96.2
dongguk_wise,동국대학교(WISE),2024,한의예과 (유형Ⅰ),98.5
dongguk_wise,동국대학교(WISE),2024,한의예과 (유형Ⅱ),98.8
sahmyook,삼육대학교,2024,약학과,99.41
kyungsung,경성대학교,2024,약학과,96.0
cu_daegu,대구가톨릭대학교,2024,약학과,91.5
mokpo,목포대학교,2024,약학과,92.1
sunchon,순천대학교,2024,약학과,92.0
